timestamp,raw_line
2025-10-21 20:05:34,"125716,115.414"
2025-10-21 20:05:34,"125817,115.414"
2025-10-21 20:05:34,"125918,115.404"
2025-10-21 20:05:34,"126019,115.393"
2025-10-21 20:05:34,"126120,115.393"
2025-10-21 20:05:34,"126221,115.395"
2025-10-21 20:05:34,"126322,115.387"
2025-10-21 20:05:34,"126423,115.376"
2025-10-21 20:05:34,"126524,115.372"
2025-10-21 20:05:34,"126625,115.369"
2025-10-21 20:05:34,"126726,115.374"
2025-10-21 20:05:34,"126827,115.357"
2025-10-21 20:05:34,"126928,115.354"
2025-10-21 20:05:34,"127029,115.352"
2025-10-21 20:05:34,"127130,115.339"
2025-10-21 20:05:34,"127231,115.339"
2025-10-21 20:05:34,"127332,115.339"
2025-10-21 20:05:34,"127433,115.333"
2025-10-21 20:05:34,"127534,115.322"
2025-10-21 20:05:34,"127635,115.318"
2025-10-21 20:05:34,"127736,115.318"
2025-10-21 20:05:34,"127837,115.290"
2025-10-21 20:05:34,"127938,115.288"
2025-10-21 20:05:34,"128039,115.277"
2025-10-21 20:05:34,"128140,115.273"
2025-10-21 20:05:34,"128241,115.262"
2025-10-21 20:05:34,"128342,115.260"
2025-10-21 20:05:34,"128443,115.262"
2025-10-21 20:05:34,"128544,115.262"
2025-10-21 20:05:34,"128645,115.262"
2025-10-21 20:05:34,"128746,115.254"
2025-10-21 20:05:34,"128847,115.243"
2025-10-21 20:05:34,"128948,115.219"
2025-10-21 20:05:34,"129049,115.209"
2025-10-21 20:05:34,"129150,115.206"
2025-10-21 20:05:34,"129251,115.196"
2025-10-21 20:05:34,"129352,115.191"
2025-10-21 20:05:34,"129453,115.181"
2025-10-21 20:05:34,"129554,115.166"
2025-10-21 20:05:34,"129655,115.155"
2025-10-21 20:05:34,"129756,115.151"
2025-10-21 20:05:34,"129857,115.144"
2025-10-21 20:05:34,"129958,115.144"
2025-10-21 20:05:34,"130059,115.118"
2025-10-21 20:05:34,"130160,115.110"
2025-10-21 20:05:34,"130261,115.095"
2025-10-21 20:05:34,"130362,115.080"
2025-10-21 20:05:34,"130463,115.071"
2025-10-21 20:05:34,"130564,115.061"
2025-10-21 20:05:34,"130665,115.054"
2025-10-21 20:05:34,"130766,115.056"
2025-10-21 20:05:34,"130867,115.050"
2025-10-21 20:05:34,"130968,115.043"
2025-10-21 20:05:34,"131069,115.033"
2025-10-21 20:05:34,"131170,115.033"
2025-10-21 20:05:34,"131271,115.031"
2025-10-21 20:05:34,"131372,115.015"
2025-10-21 20:05:34,"131473,115.015"
2025-10-21 20:05:34,"131574,115.015"
2025-10-21 20:05:34,"131675,115.009"
2025-10-21 20:05:34,"131776,115.009"
2025-10-21 20:05:34,"131877,115.009"
2025-10-21 20:05:34,"131978,114.998"
2025-10-21 20:05:34,"132079,114.988"
2025-10-21 20:05:34,"132180,114.979"
2025-10-21 20:05:34,"132281,114.970"
2025-10-21 20:05:34,"132382,114.981"
2025-10-21 20:05:34,"132483,114.981"
2025-10-21 20:05:34,"132584,114.970"
2025-10-21 20:05:34,"132685,114.955"
2025-10-21 20:05:34,"132786,114.951"
2025-10-21 20:05:34,"132887,114.938"
2025-10-21 20:05:34,"132988,114.923"
2025-10-21 20:05:34,"133089,114.913"
2025-10-21 20:05:34,"133190,114.902"
2025-10-21 20:05:34,"133291,114.891"
2025-10-21 20:05:34,"133392,114.874"
2025-10-21 20:05:34,"133493,114.859"
2025-10-21 20:05:34,"133594,114.859"
2025-10-21 20:05:34,"133695,114.844"
2025-10-21 20:05:34,"133796,114.842"
2025-10-21 20:05:34,"133897,114.837"
2025-10-21 20:05:34,"133998,114.827"
2025-10-21 20:05:34,"134099,114.827"
2025-10-21 20:05:34,"134200,114.814"
2025-10-21 20:05:34,"134301,114.795"
2025-10-21 20:05:34,"134402,114.795"
2025-10-21 20:05:34,"134503,114.784"
2025-10-21 20:05:34,"134604,114.784"
2025-10-21 20:05:34,"134705,114.775"
2025-10-21 20:05:34,"134806,114.769"
2025-10-21 20:05:34,"134907,114.765"
2025-10-21 20:05:34,"135008,114.762"
2025-10-21 20:05:34,"135109,114.756"
2025-10-21 20:05:34,"135210,114.762"
2025-10-21 20:05:34,"135311,114.762"
2025-10-21 20:05:34,"135412,114.758"
2025-10-21 20:05:34,"135513,114.752"
2025-10-21 20:05:34,"135614,114.752"
2025-10-21 20:05:34,"135715,114.743"
2025-10-21 20:05:34,"135816,114.724"
2025-10-21 20:05:34,"135917,114.709"
2025-10-21 20:05:34,"136018,114.698"
2025-10-21 20:05:34,"136119,114.698"
2025-10-21 20:05:34,"136220,114.687"
2025-10-21 20:05:34,"136321,114.681"
2025-10-21 20:05:34,"136422,114.672"
2025-10-21 20:05:34,"136523,114.649"
2025-10-21 20:05:34,"136624,114.640"
2025-10-21 20:05:34,"136725,114.638"
2025-10-21 20:05:34,"136826,114.627"
2025-10-21 20:05:34,"136927,114.634"
2025-10-21 20:05:34,"137028,114.636"
2025-10-21 20:05:34,"137129,114.623"
2025-10-21 20:05:34,"137230,114.634"
2025-10-21 20:05:34,"137331,114.634"
2025-10-21 20:05:34,"137432,114.623"
2025-10-21 20:05:34,"137533,114.612"
2025-10-21 20:05:34,"137634,114.623"
2025-10-21 20:05:34,"137735,114.625"
2025-10-21 20:05:34,"137836,114.623"
2025-10-21 20:05:34,"137937,114.629"
2025-10-21 20:05:34,"138038,114.629"
2025-10-21 20:05:34,"138139,114.619"
2025-10-21 20:05:34,"138240,114.602"
2025-10-21 20:05:34,"138341,114.582"
2025-10-21 20:05:34,"138442,114.572"
2025-10-21 20:05:34,"138543,114.550"
2025-10-21 20:05:34,"138644,114.539"
2025-10-21 20:05:34,"138745,114.529"
2025-10-21 20:05:34,"138846,114.518"
2025-10-21 20:05:34,"138947,114.507"
2025-10-21 20:05:34,"139048,114.509"
2025-10-21 20:05:34,"139149,114.514"
2025-10-21 20:05:34,"139250,114.507"
2025-10-21 20:05:34,"139351,114.496"
2025-10-21 20:05:34,"139452,114.469"
2025-10-21 20:05:34,"139553,114.466"
2025-10-21 20:05:34,"139654,114.477"
2025-10-21 20:05:34,"139755,114.481"
2025-10-21 20:05:34,"139856,114.464"
2025-10-21 20:05:34,"139957,114.449"
2025-10-21 20:05:34,"140058,114.424"
2025-10-21 20:05:34,"140159,114.443"
2025-10-21 20:05:34,"140260,114.441"
2025-10-21 20:05:34,"140361,114.449"
2025-10-21 20:05:34,"140462,114.460"
2025-10-21 20:05:34,"140563,114.454"
2025-10-21 20:05:34,"140664,114.445"
2025-10-21 20:05:34,"140765,114.441"
2025-10-21 20:05:34,"140866,114.417"
2025-10-21 20:05:34,"140967,114.413"
2025-10-21 20:05:34,"141068,114.406"
2025-10-21 20:05:34,"141169,114.406"
2025-10-21 20:05:34,"141270,114.396"
2025-10-21 20:05:34,"141371,114.391"
2025-10-21 20:05:34,"141472,114.387"
2025-10-21 20:05:34,"141573,114.381"
2025-10-21 20:05:34,"141674,114.381"
2025-10-21 20:05:34,"141775,114.363"
2025-10-21 20:05:34,"141876,114.333"
2025-10-21 20:05:34,"141977,114.321"
2025-10-21 20:05:34,"142078,114.308"
2025-10-21 20:05:34,"142179,114.310"
2025-10-21 20:05:34,"142280,114.303"
2025-10-21 20:05:34,"142381,114.293"
2025-10-21 20:05:34,"142482,114.282"
2025-10-21 20:05:34,"142583,114.273"
2025-10-21 20:05:34,"142684,114.265"
2025-10-21 20:05:34,"142785,114.258"
2025-10-21 20:05:34,"142886,114.258"
2025-10-21 20:05:34,"142987,114.256"
2025-10-21 20:05:34,"143088,114.254"
2025-10-21 20:05:34,"143189,114.254"
2025-10-21 20:05:34,"143290,114.265"
2025-10-21 20:05:34,"143391,114.265"
2025-10-21 20:05:34,"143492,114.297"
2025-10-21 20:05:34,"143593,114.303"
2025-10-21 20:05:34,"143694,114.323"
2025-10-21 20:05:34,"143795,114.333"
2025-10-21 20:05:34,"143896,114.342"
2025-10-21 20:05:34,"143997,114.361"
2025-10-21 20:05:34,"144098,114.381"
2025-10-21 20:05:34,"144199,114.389"
2025-10-21 20:05:34,"144300,114.400"
2025-10-21 20:05:34,"144401,114.411"
2025-10-21 20:05:34,"144502,114.402"
2025-10-21 20:05:34,"144603,114.406"
2025-10-21 20:05:34,"144704,114.409"
2025-10-21 20:05:34,"144805,114.409"
2025-10-21 20:05:34,"144906,114.419"
2025-10-21 20:05:34,"145007,114.430"
2025-10-21 20:05:34,"145108,114.443"
2025-10-21 20:05:34,"145209,114.451"
2025-10-21 20:05:34,"145310,114.464"
2025-10-21 20:05:34,"145411,114.469"
2025-10-21 20:05:34,"145512,114.479"
2025-10-21 20:05:34,"145613,114.496"
2025-10-21 20:05:34,"145714,114.505"
2025-10-21 20:05:34,"145815,114.511"
2025-10-21 20:05:34,"145916,114.524"
2025-10-21 20:05:34,"146017,114.546"
2025-10-21 20:05:34,"146118,114.567"
2025-10-21 20:05:34,"146219,114.578"
2025-10-21 20:05:34,"146320,114.595"
2025-10-21 20:05:34,"146421,114.617"
2025-10-21 20:05:34,"146522,114.636"
2025-10-21 20:05:34,"146623,114.670"
2025-10-21 20:05:34,"146724,114.692"
2025-10-21 20:05:34,"146825,114.694"
2025-10-21 20:05:34,"146926,114.702"
2025-10-21 20:05:34,"147027,114.700"
2025-10-21 20:05:34,"147128,114.713"
2025-10-21 20:05:34,"147229,114.739"
2025-10-21 20:05:34,"147330,114.747"
2025-10-21 20:05:34,"147431,114.765"
2025-10-21 20:05:34,"147532,114.795"
2025-10-21 20:05:34,"147633,114.823"
2025-10-21 20:05:34,"147734,114.842"
2025-10-21 20:05:34,"147835,114.863"
2025-10-21 20:05:34,"147936,114.870"
2025-10-21 20:05:34,"148037,114.900"
2025-10-21 20:05:34,"148138,114.921"
2025-10-21 20:05:34,"148239,114.943"
2025-10-21 20:05:34,"148340,114.971"
2025-10-21 20:05:34,"148441,115.003"
2025-10-21 20:05:34,"148542,115.024"
2025-10-21 20:05:34,"148643,115.052"
2025-10-21 20:05:34,"148744,115.065"
2025-10-21 20:05:34,"148845,115.104"
2025-10-21 20:05:34,"148946,115.125"
2025-10-21 20:05:34,"149047,115.144"
2025-10-21 20:05:34,"149148,115.164"
2025-10-21 20:05:34,"149249,115.185"
2025-10-21 20:05:34,"149350,115.206"
2025-10-21 20:05:34,"149451,115.239"
2025-10-21 20:05:34,"149552,115.273"
2025-10-21 20:05:34,"149653,115.282"
2025-10-21 20:05:34,"149754,115.286"
2025-10-21 20:05:34,"149855,115.303"
2025-10-21 20:05:34,"149956,115.344"
2025-10-21 20:05:34,"150057,115.382"
2025-10-21 20:05:34,"150158,115.425"
2025-10-21 20:05:34,"150259,115.438"
2025-10-21 20:05:34,"150360,115.453"
2025-10-21 20:05:34,"150461,115.466"
2025-10-21 20:05:34,"150562,115.481"
2025-10-21 20:05:34,"150663,115.507"
2025-10-21 20:05:34,"150764,115.524"
2025-10-21 20:05:34,"150865,115.539"
2025-10-21 20:05:34,"150966,115.569"
2025-10-21 20:05:34,"151067,115.582"
2025-10-21 20:05:34,"151168,115.599"
2025-10-21 20:05:34,"151269,115.620"
2025-10-21 20:05:34,"151370,115.650"
2025-10-21 20:05:34,"151471,115.665"
2025-10-21 20:05:34,"151572,115.680"
2025-10-21 20:05:34,"151673,115.695"
2025-10-21 20:05:34,"151774,115.708"
2025-10-21 20:05:34,"151875,115.745"
2025-10-21 20:05:34,"151976,115.786"
2025-10-21 20:05:34,"152077,115.807"
2025-10-21 20:05:34,"152178,115.826"
2025-10-21 20:05:34,"152279,115.837"
2025-10-21 20:05:34,"152380,115.850"
2025-10-21 20:05:34,"152481,115.867"
2025-10-21 20:05:34,"152582,115.888"
2025-10-21 20:05:34,"152683,115.897"
2025-10-21 20:05:34,"152784,115.923"
2025-10-21 20:05:34,"152885,115.942"
2025-10-21 20:05:34,"152986,115.955"
2025-10-21 20:05:34,"153087,115.961"
2025-10-21 20:05:34,"153188,115.983"
2025-10-21 20:05:34,"153289,116.000"
2025-10-21 20:05:34,"153390,116.024"
2025-10-21 20:05:34,"153491,116.041"
2025-10-21 20:05:34,"153592,116.036"
2025-10-21 20:05:34,"153693,116.034"
2025-10-21 20:05:34,"153794,116.026"
2025-10-21 20:05:34,"153895,116.034"
2025-10-21 20:05:34,"153996,116.034"
2025-10-21 20:05:34,"154097,116.032"
2025-10-21 20:05:34,"154198,116.028"
2025-10-21 20:05:34,"154299,116.030"
2025-10-21 20:05:34,"154400,116.034"
2025-10-21 20:05:34,"154501,116.039"
2025-10-21 20:05:34,"154602,116.058"
2025-10-21 20:05:34,"154703,116.071"
2025-10-21 20:05:34,"154804,116.077"
2025-10-21 20:05:34,"154905,116.097"
2025-10-21 20:05:34,"155006,116.099"
2025-10-21 20:05:34,"155107,116.088"
2025-10-21 20:05:34,"155208,116.084"
2025-10-21 20:05:34,"155309,116.088"
2025-10-21 20:05:34,"155410,116.079"
2025-10-21 20:05:34,"155511,116.090"
2025-10-21 20:05:34,"155612,116.088"
2025-10-21 20:05:34,"155713,116.090"
2025-10-21 20:05:34,"155814,116.092"
2025-10-21 20:05:34,"155915,116.101"
2025-10-21 20:05:34,"156016,116.116"
2025-10-21 20:05:34,"156117,116.114"
2025-10-21 20:05:34,"156218,116.112"
2025-10-21 20:05:34,"156319,116.109"
2025-10-21 20:05:34,"156420,116.103"
2025-10-21 20:05:34,"156521,116.099"
2025-10-21 20:05:34,"156622,116.090"
2025-10-21 20:05:34,"156723,116.090"
2025-10-21 20:05:34,"156824,116.086"
2025-10-21 20:05:34,"156925,116.094"
2025-10-21 20:05:34,"157026,116.092"
2025-10-21 20:05:34,"157127,116.099"
2025-10-21 20:05:34,"157228,116.094"
2025-10-21 20:05:34,"157329,116.094"
2025-10-21 20:05:34,"157430,116.094"
2025-10-21 20:05:34,"157531,116.077"
2025-10-21 20:05:34,"157632,116.062"
2025-10-21 20:05:34,"157733,116.056"
2025-10-21 20:05:34,"157834,116.039"
2025-10-21 20:05:34,"157935,116.028"
2025-10-21 20:05:34,"158036,116.034"
2025-10-21 20:05:34,"158137,116.026"
2025-10-21 20:05:34,"158238,116.024"
2025-10-21 20:05:34,"158339,116.032"
2025-10-21 20:05:34,"158440,116.030"
2025-10-21 20:05:34,"158541,116.032"
2025-10-21 20:05:34,"158642,116.028"
2025-10-21 20:05:34,"158743,116.019"
2025-10-21 20:05:34,"158844,116.019"
2025-10-21 20:05:34,"158945,115.998"
2025-10-21 20:05:34,"159046,115.991"
2025-10-21 20:05:34,"159147,115.994"
2025-10-21 20:05:34,"159248,115.985"
2025-10-21 20:05:34,"159349,115.991"
2025-10-21 20:05:34,"159450,115.987"
2025-10-21 20:05:34,"159551,115.976"
2025-10-21 20:05:34,"159652,115.981"
2025-10-21 20:05:34,"159753,115.985"
2025-10-21 20:05:34,"159854,115.983"
2025-10-21 20:05:34,"159955,115.987"
2025-10-21 20:05:34,"160056,115.974"
2025-10-21 20:05:34,"160157,115.972"
2025-10-21 20:05:34,"160258,115.966"
2025-10-21 20:05:34,"160359,115.970"
2025-10-21 20:05:34,"160460,115.972"
2025-10-21 20:05:34,"160561,115.966"
2025-10-21 20:05:34,"160662,115.953"
2025-10-21 20:05:34,"160763,115.944"
2025-10-21 20:05:34,"160864,115.944"
2025-10-21 20:05:34,"160965,115.934"
2025-10-21 20:05:34,"161066,115.931"
2025-10-21 20:05:34,"161167,115.929"
2025-10-21 20:05:34,"161268,115.929"
2025-10-21 20:05:34,"161369,115.923"
2025-10-21 20:05:34,"161470,115.912"
2025-10-21 20:05:34,"161571,115.912"
2025-10-21 20:05:34,"161672,115.901"
2025-10-21 20:05:34,"161773,115.897"
2025-10-21 20:05:34,"161874,115.884"
2025-10-21 20:05:34,"161975,115.867"
2025-10-21 20:05:34,"162076,115.850"
2025-10-21 20:05:34,"162177,115.841"
2025-10-21 20:05:34,"162278,115.843"
2025-10-21 20:05:34,"162379,115.843"
2025-10-21 20:05:34,"162480,115.835"
2025-10-21 20:05:34,"162581,115.822"
2025-10-21 20:05:34,"162682,115.811"
2025-10-21 20:05:34,"162783,115.811"
2025-10-21 20:05:34,"162884,115.801"
2025-10-21 20:05:34,"162985,115.801"
2025-10-21 20:05:34,"163086,115.788"
2025-10-21 20:05:34,"163187,115.783"
2025-10-21 20:05:34,"163288,115.758"
2025-10-21 20:05:34,"163389,115.747"
2025-10-21 20:05:34,"163490,115.725"
2025-10-21 20:05:34,"163591,115.708"
2025-10-21 20:05:34,"163692,115.713"
2025-10-21 20:05:34,"163793,115.719"
2025-10-21 20:05:34,"163894,115.708"
2025-10-21 20:05:34,"163995,115.691"
2025-10-21 20:05:34,"164096,115.680"
2025-10-21 20:05:34,"164197,115.674"
2025-10-21 20:05:34,"164298,115.663"
2025-10-21 20:05:34,"164399,115.657"
2025-10-21 20:05:34,"164500,115.653"
2025-10-21 20:05:34,"164601,115.653"
2025-10-21 20:05:34,"164702,115.642"
2025-10-21 20:05:34,"164803,115.629"
2025-10-21 20:05:34,"164904,115.620"
2025-10-21 20:05:34,"165005,115.590"
2025-10-21 20:05:34,"165106,115.575"
2025-10-21 20:05:34,"165207,115.575"
2025-10-21 20:05:34,"165308,115.569"
2025-10-21 20:05:34,"165409,115.556"
2025-10-21 20:05:34,"165510,115.556"
2025-10-21 20:05:34,"165611,115.541"
2025-10-21 20:05:34,"165712,115.537"
2025-10-21 20:05:34,"165813,115.522"
2025-10-21 20:05:34,"165914,115.511"
2025-10-21 20:05:34,"166015,115.494"
2025-10-21 20:05:34,"166116,115.477"
2025-10-21 20:05:34,"166217,115.468"
2025-10-21 20:05:34,"166318,115.440"
2025-10-21 20:05:34,"166419,115.425"
2025-10-21 20:05:34,"166520,115.408"
2025-10-21 20:05:34,"166621,115.382"
2025-10-21 20:05:34,"166722,115.369"
2025-10-21 20:05:34,"166823,115.352"
2025-10-21 20:05:34,"166924,115.337"
2025-10-21 20:05:34,"167025,115.327"
2025-10-21 20:05:34,"167126,115.307"
2025-10-21 20:05:34,"167227,115.288"
2025-10-21 20:05:34,"167328,115.254"
2025-10-21 20:05:34,"167429,115.243"
2025-10-21 20:05:34,"167530,115.228"
2025-10-21 20:05:34,"167631,115.221"
2025-10-21 20:05:34,"167732,115.217"
2025-10-21 20:05:34,"167833,115.200"
2025-10-21 20:05:34,"167934,115.181"
2025-10-21 20:05:34,"168035,115.161"
2025-10-21 20:05:34,"168136,115.140"
2025-10-21 20:05:34,"168237,115.103"
2025-10-21 20:05:34,"168338,115.076"
2025-10-21 20:05:34,"168439,115.056"
2025-10-21 20:05:34,"168540,115.046"
2025-10-21 20:05:34,"168641,115.007"
2025-10-21 20:05:34,"168742,114.975"
2025-10-21 20:05:34,"168843,114.951"
2025-10-21 20:05:34,"168944,114.947"
2025-10-21 20:05:34,"169045,114.938"
2025-10-21 20:05:34,"169146,114.921"
2025-10-21 20:05:34,"169247,114.904"
2025-10-21 20:05:34,"169348,114.889"
2025-10-21 20:05:34,"169449,114.863"
2025-10-21 20:05:34,"169550,114.848"
2025-10-21 20:05:34,"169651,114.829"
2025-10-21 20:05:34,"169752,114.810"
2025-10-21 20:05:34,"169853,114.790"
2025-10-21 20:05:34,"169954,114.790"
2025-10-21 20:05:34,"170055,114.775"
2025-10-21 20:05:34,"170156,114.760"
2025-10-21 20:05:34,"170257,114.743"
2025-10-21 20:05:34,"170358,114.732"
2025-10-21 20:05:34,"170459,114.715"
2025-10-21 20:05:34,"170560,114.702"
2025-10-21 20:05:34,"170661,114.698"
2025-10-21 20:05:34,"170762,114.702"
2025-10-21 20:05:34,"170863,114.687"
2025-10-21 20:05:34,"170964,114.679"
2025-10-21 20:05:34,"171065,114.679"
2025-10-21 20:05:34,"171166,114.670"
2025-10-21 20:05:34,"171267,114.653"
2025-10-21 20:05:34,"171368,114.640"
2025-10-21 20:05:34,"171469,114.634"
2025-10-21 20:05:34,"171570,114.625"
2025-10-21 20:05:34,"171671,114.617"
2025-10-21 20:05:34,"171772,114.617"
2025-10-21 20:05:34,"171873,114.612"
2025-10-21 20:05:34,"171974,114.614"
2025-10-21 20:05:34,"172075,114.612"
2025-10-21 20:05:34,"172176,114.627"
2025-10-21 20:05:34,"172277,114.627"
2025-10-21 20:05:34,"172378,114.625"
2025-10-21 20:05:34,"172479,114.604"
2025-10-21 20:05:34,"172580,114.584"
2025-10-21 20:05:34,"172681,114.591"
2025-10-21 20:05:34,"172782,114.591"
2025-10-21 20:05:34,"172883,114.599"
2025-10-21 20:05:34,"172984,114.591"
2025-10-21 20:05:34,"173085,114.589"
2025-10-21 20:05:34,"173186,114.587"
2025-10-21 20:05:34,"173287,114.595"
2025-10-21 20:05:34,"173388,114.612"
2025-10-21 20:05:34,"173489,114.608"
2025-10-21 20:05:34,"173590,114.606"
2025-10-21 20:05:34,"173691,114.606"
2025-10-21 20:05:34,"173792,114.580"
2025-10-21 20:05:34,"173893,114.569"
2025-10-21 20:05:34,"173994,114.559"
2025-10-21 20:05:34,"174095,114.557"
2025-10-21 20:05:34,"174196,114.544"
2025-10-21 20:05:34,"174297,114.522"
2025-10-21 20:05:34,"174398,114.514"
2025-10-21 20:05:34,"174499,114.509"
2025-10-21 20:05:34,"174600,114.505"
2025-10-21 20:05:34,"174701,114.499"
2025-10-21 20:05:34,"174802,114.488"
2025-10-21 20:05:34,"174903,114.479"
2025-10-21 20:05:34,"175004,114.477"
2025-10-21 20:05:34,"175105,114.486"
2025-10-21 20:05:34,"175206,114.486"
2025-10-21 20:05:34,"175307,114.486"
2025-10-21 20:05:34,"175408,114.486"
2025-10-21 20:05:34,"175509,114.479"
2025-10-21 20:05:34,"175610,114.475"
2025-10-21 20:05:34,"175711,114.456"
2025-10-21 20:05:34,"175812,114.456"
2025-10-21 20:05:34,"175913,114.454"
2025-10-21 20:05:34,"176014,114.449"
2025-10-21 20:05:34,"176115,114.449"
2025-10-21 20:05:34,"176216,114.449"
2025-10-21 20:05:34,"176317,114.447"
2025-10-21 20:05:34,"176418,114.460"
2025-10-21 20:05:34,"176519,114.460"
2025-10-21 20:05:34,"176620,114.460"
2025-10-21 20:05:34,"176721,114.460"
2025-10-21 20:05:34,"176822,114.458"
2025-10-21 20:05:34,"176923,114.458"
2025-10-21 20:05:34,"177024,114.447"
2025-10-21 20:05:34,"177125,114.436"
2025-10-21 20:05:34,"177226,114.445"
2025-10-21 20:05:34,"177327,114.449"
2025-10-21 20:05:34,"177428,114.462"
2025-10-21 20:05:34,"177529,114.445"
2025-10-21 20:05:34,"177630,114.434"
2025-10-21 20:05:34,"177731,114.432"
2025-10-21 20:05:34,"177832,114.415"
2025-10-21 20:05:34,"177933,114.400"
2025-10-21 20:05:34,"178034,114.411"
2025-10-21 20:05:34,"178135,114.411"
2025-10-21 20:05:34,"178236,114.413"
2025-10-21 20:05:34,"178337,114.430"
2025-10-21 20:05:34,"178438,114.426"
2025-10-21 20:05:34,"178539,114.415"
2025-10-21 20:05:34,"178640,114.415"
2025-10-21 20:05:34,"178741,114.428"
2025-10-21 20:05:34,"178842,114.445"
2025-10-21 20:05:34,"178943,114.460"
2025-10-21 20:05:34,"179044,114.451"
2025-10-21 20:05:34,"179145,114.443"
2025-10-21 20:05:34,"179246,114.445"
2025-10-21 20:05:34,"179347,114.432"
2025-10-21 20:05:34,"179448,114.430"
2025-10-21 20:05:34,"179549,114.428"
2025-10-21 20:05:34,"179650,114.421"
2025-10-21 20:05:34,"179751,114.424"
2025-10-21 20:05:34,"179852,114.428"
2025-10-21 20:05:34,"179953,114.426"
2025-10-21 20:05:34,"180054,114.409"
2025-10-21 20:05:34,"180155,114.402"
2025-10-21 20:05:34,"180256,114.391"
2025-10-21 20:05:34,"180357,114.372"
2025-10-21 20:05:34,"180458,114.355"
2025-10-21 20:05:34,"180559,114.314"
2025-10-21 20:05:34,"180660,114.297"
2025-10-21 20:05:34,"180761,114.280"
2025-10-21 20:05:34,"180862,114.263"
2025-10-21 20:05:34,"180963,114.263"
2025-10-21 20:05:34,"181064,114.248"
2025-10-21 20:05:34,"181165,114.239"
2025-10-21 20:05:34,"181266,114.226"
2025-10-21 20:05:34,"181367,114.222"
2025-10-21 20:05:34,"181468,114.200"
2025-10-21 20:05:34,"181569,114.183"
2025-10-21 20:05:34,"181670,114.181"
2025-10-21 20:05:34,"181771,114.168"
2025-10-21 20:05:34,"181872,114.158"
2025-10-21 20:05:34,"181973,114.138"
2025-10-21 20:05:34,"182074,114.125"
2025-10-21 20:05:34,"182175,114.115"
2025-10-21 20:05:34,"182276,114.100"
2025-10-21 20:05:34,"182377,114.083"
2025-10-21 20:05:34,"182478,114.048"
2025-10-21 20:05:34,"182579,114.048"
2025-10-21 20:05:34,"182680,114.050"
2025-10-21 20:05:34,"182781,114.040"
2025-10-21 20:05:34,"182882,114.031"
2025-10-21 20:05:34,"182983,114.012"
2025-10-21 20:05:34,"183084,114.003"
2025-10-21 20:05:34,"183185,113.999"
2025-10-21 20:05:34,"183286,114.001"
2025-10-21 20:05:34,"183387,113.988"
2025-10-21 20:05:34,"183488,113.958"
2025-10-21 20:05:34,"183589,113.947"
2025-10-21 20:05:34,"183690,113.937"
2025-10-21 20:05:34,"183791,113.928"
2025-10-21 20:05:34,"183892,113.935"
2025-10-21 20:05:34,"183993,113.932"
2025-10-21 20:05:34,"184094,113.932"
2025-10-21 20:05:34,"184195,113.928"
2025-10-21 20:05:34,"184296,113.930"
2025-10-21 20:05:34,"184397,113.941"
2025-10-21 20:05:34,"184498,113.943"
2025-10-21 20:05:34,"184599,113.943"
2025-10-21 20:05:34,"184700,113.937"
2025-10-21 20:05:34,"184801,113.930"
2025-10-21 20:05:34,"184902,113.928"
2025-10-21 20:05:34,"185003,113.924"
2025-10-21 20:05:34,"185104,113.915"
2025-10-21 20:05:34,"185205,113.917"
2025-10-21 20:05:34,"185306,113.902"
2025-10-21 20:05:34,"185407,113.879"
2025-10-21 20:05:34,"185508,113.877"
2025-10-21 20:05:34,"185609,113.877"
2025-10-21 20:05:34,"185710,113.868"
2025-10-21 20:05:34,"185811,113.887"
2025-10-21 20:05:34,"185912,113.877"
2025-10-21 20:05:34,"186013,113.866"
2025-10-21 20:05:34,"186114,113.866"
2025-10-21 20:05:34,"186215,113.866"
2025-10-21 20:05:34,"186316,113.862"
2025-10-21 20:05:34,"186417,113.864"
2025-10-21 20:05:34,"186518,113.866"
2025-10-21 20:05:34,"186619,113.862"
2025-10-21 20:05:34,"186720,113.874"
2025-10-21 20:05:34,"186821,113.874"
2025-10-21 20:05:34,"186922,113.887"
2025-10-21 20:05:34,"187023,113.889"
2025-10-21 20:05:34,"187124,113.900"
2025-10-21 20:05:34,"187225,113.909"
2025-10-21 20:05:34,"187326,113.907"
2025-10-21 20:05:34,"187427,113.911"
2025-10-21 20:05:34,"187528,113.911"
2025-10-21 20:05:34,"187629,113.926"
2025-10-21 20:05:34,"187730,113.939"
2025-10-21 20:05:34,"187831,113.941"
2025-10-21 20:05:34,"187932,113.952"
2025-10-21 20:05:34,"188033,113.973"
2025-10-21 20:05:34,"188134,113.969"
2025-10-21 20:05:34,"188235,113.962"
2025-10-21 20:05:34,"188336,113.965"
2025-10-21 20:05:34,"188437,113.962"
2025-10-21 20:05:34,"188538,113.977"
2025-10-21 20:05:34,"188639,113.982"
2025-10-21 20:05:34,"188740,113.984"
2025-10-21 20:05:34,"188841,113.986"
2025-10-21 20:05:34,"188942,113.988"
2025-10-21 20:05:34,"189043,113.997"
2025-10-21 20:05:34,"189144,114.005"
2025-10-21 20:05:34,"189245,114.007"
2025-10-21 20:05:34,"189346,114.016"
2025-10-21 20:05:34,"189447,114.025"
2025-10-21 20:05:34,"189548,114.031"
2025-10-21 20:05:34,"189649,114.027"
2025-10-21 20:05:34,"189750,114.037"
2025-10-21 20:05:34,"189851,114.033"
2025-10-21 20:05:34,"189952,114.029"
2025-10-21 20:05:34,"190053,114.040"
2025-10-21 20:05:34,"190154,114.050"
2025-10-21 20:05:34,"190255,114.046"
2025-10-21 20:05:34,"190356,114.063"
2025-10-21 20:05:34,"190457,114.083"
2025-10-21 20:05:34,"190558,114.093"
2025-10-21 20:05:34,"190659,114.136"
2025-10-21 20:05:34,"190760,114.143"
2025-10-21 20:05:34,"190861,114.160"
2025-10-21 20:05:34,"190962,114.166"
2025-10-21 20:05:34,"191063,114.164"
2025-10-21 20:05:34,"191164,114.175"
2025-10-21 20:05:34,"191265,114.181"
2025-10-21 20:05:34,"191366,114.188"
2025-10-21 20:05:34,"191467,114.200"
2025-10-21 20:05:34,"191568,114.224"
2025-10-21 20:05:34,"191669,114.233"
2025-10-21 20:05:34,"191770,114.230"
2025-10-21 20:05:34,"191871,114.235"
2025-10-21 20:05:34,"191972,114.246"
2025-10-21 20:05:34,"192073,114.265"
2025-10-21 20:05:34,"192174,114.273"
2025-10-21 20:05:34,"192275,114.284"
2025-10-21 20:05:34,"192376,114.280"
2025-10-21 20:05:34,"192477,114.297"
2025-10-21 20:05:34,"192578,114.325"
2025-10-21 20:05:34,"192679,114.336"
2025-10-21 20:05:34,"192780,114.353"
2025-10-21 20:05:34,"192881,114.353"
2025-10-21 20:05:34,"192982,114.357"
2025-10-21 20:05:34,"193083,114.359"
2025-10-21 20:05:34,"193184,114.370"
2025-10-21 20:05:34,"193285,114.355"
2025-10-21 20:05:34,"193386,114.353"
2025-10-21 20:05:34,"193487,114.357"
2025-10-21 20:05:34,"193588,114.381"
2025-10-21 20:05:34,"193689,114.389"
2025-10-21 20:05:34,"193790,114.400"
2025-10-21 20:05:34,"193891,114.402"
2025-10-21 20:05:34,"193992,114.402"
2025-10-21 20:05:34,"194093,114.398"
2025-10-21 20:05:34,"194194,114.409"
2025-10-21 20:05:34,"194295,114.409"
2025-10-21 20:05:34,"194396,114.419"
2025-10-21 20:05:34,"194497,114.419"
2025-10-21 20:05:34,"194598,114.413"
2025-10-21 20:05:34,"194699,114.409"
2025-10-21 20:05:34,"194800,114.417"
2025-10-21 20:05:34,"194901,114.426"
2025-10-21 20:05:34,"195002,114.426"
2025-10-21 20:05:34,"195103,114.432"
2025-10-21 20:05:34,"195204,114.426"
2025-10-21 20:05:34,"195305,114.404"
2025-10-21 20:05:34,"195406,114.417"
2025-10-21 20:05:34,"195507,114.428"
2025-10-21 20:05:34,"195608,114.409"
2025-10-21 20:05:34,"195709,114.406"
2025-10-21 20:05:34,"195810,114.417"
2025-10-21 20:05:34,"195911,114.415"
2025-10-21 20:05:34,"196012,114.415"
2025-10-21 20:05:34,"196113,114.415"
2025-10-21 20:05:34,"196214,114.419"
2025-10-21 20:05:34,"196315,114.411"
2025-10-21 20:05:34,"196416,114.415"
2025-10-21 20:05:34,"196517,114.413"
2025-10-21 20:05:34,"196618,114.413"
2025-10-21 20:05:34,"196719,114.413"
2025-10-21 20:05:34,"196820,114.406"
2025-10-21 20:05:34,"196921,114.391"
2025-10-21 20:05:34,"197022,114.381"
2025-10-21 20:05:34,"197123,114.378"
2025-10-21 20:05:34,"197224,114.370"
2025-10-21 20:05:34,"197325,114.355"
2025-10-21 20:05:34,"197426,114.353"
2025-10-21 20:05:34,"197527,114.348"
2025-10-21 20:05:34,"197628,114.346"
2025-10-21 20:05:34,"197729,114.342"
2025-10-21 20:05:34,"197830,114.344"
2025-10-21 20:05:34,"197931,114.344"
2025-10-21 20:05:34,"198032,114.333"
2025-10-21 20:05:34,"198133,114.323"
2025-10-21 20:05:34,"198234,114.318"
2025-10-21 20:05:34,"198335,114.325"
2025-10-21 20:05:34,"198436,114.321"
2025-10-21 20:05:34,"198537,114.327"
2025-10-21 20:05:34,"198638,114.303"
2025-10-21 20:05:34,"198739,114.286"
2025-10-21 20:05:34,"198840,114.280"
2025-10-21 20:05:34,"198941,114.278"
2025-10-21 20:05:34,"199042,114.271"
2025-10-21 20:05:34,"199143,114.263"
2025-10-21 20:05:34,"199244,114.261"
2025-10-21 20:05:34,"199345,114.258"
2025-10-21 20:05:34,"199446,114.250"
2025-10-21 20:05:34,"199547,114.252"
2025-10-21 20:05:34,"199648,114.224"
2025-10-21 20:05:34,"199749,114.224"
2025-10-21 20:05:34,"199850,114.213"
2025-10-21 20:05:34,"199951,114.218"
2025-10-21 20:05:34,"200052,114.209"
2025-10-21 20:05:34,"200153,114.207"
2025-10-21 20:05:34,"200254,114.209"
2025-10-21 20:05:34,"200355,114.200"
2025-10-21 20:05:34,"200456,114.188"
2025-10-21 20:05:34,"200557,114.181"
2025-10-21 20:05:34,"200658,114.185"
2025-10-21 20:05:34,"200759,114.179"
2025-10-21 20:05:34,"200860,114.183"
2025-10-21 20:05:34,"200961,114.173"
2025-10-21 20:05:34,"201062,114.166"
2025-10-21 20:05:34,"201163,114.153"
2025-10-21 20:05:34,"201264,114.134"
2025-10-21 20:05:34,"201365,114.117"
2025-10-21 20:05:34,"201466,114.102"
2025-10-21 20:05:34,"201567,114.098"
2025-10-21 20:05:34,"201668,114.091"
2025-10-21 20:05:34,"201769,114.089"
2025-10-21 20:05:34,"201870,114.089"
2025-10-21 20:05:34,"201971,114.087"
2025-10-21 20:05:34,"202072,114.083"
2025-10-21 20:05:34,"202173,114.074"
2025-10-21 20:05:34,"202274,114.068"
2025-10-21 20:05:34,"202375,114.061"
2025-10-21 20:05:34,"202476,114.053"
2025-10-21 20:05:34,"202577,114.050"
2025-10-21 20:05:34,"202678,114.040"
2025-10-21 20:05:34,"202779,114.038"
2025-10-21 20:05:34,"202880,114.027"
2025-10-21 20:05:34,"202981,114.020"
2025-10-21 20:05:34,"203082,114.001"
2025-10-21 20:05:34,"203183,113.988"
2025-10-21 20:05:34,"203284,113.977"
2025-10-21 20:05:34,"203385,113.990"
2025-10-21 20:05:34,"203486,113.975"
2025-10-21 20:05:34,"203587,113.967"
2025-10-21 20:05:34,"203688,113.954"
2025-10-21 20:05:34,"203789,113.930"
2025-10-21 20:05:34,"203890,113.922"
2025-10-21 20:05:34,"203991,113.915"
2025-10-21 20:05:34,"204092,113.913"
2025-10-21 20:05:34,"204193,113.890"
2025-10-21 20:05:34,"204294,113.864"
2025-10-21 20:05:34,"204395,113.853"
2025-10-21 20:05:34,"204496,113.851"
2025-10-21 20:05:34,"204597,113.838"
2025-10-21 20:05:34,"204698,113.832"
2025-10-21 20:05:34,"204799,113.821"
2025-10-21 20:05:34,"204900,113.812"
2025-10-21 20:05:34,"205001,113.802"
2025-10-21 20:05:34,"205102,113.810"
2025-10-21 20:05:34,"205203,113.802"
2025-10-21 20:05:34,"205304,113.789"
2025-10-21 20:05:34,"205405,113.804"
2025-10-21 20:05:34,"205506,113.802"
2025-10-21 20:05:34,"205607,113.802"
2025-10-21 20:05:34,"205708,113.806"
2025-10-21 20:05:34,"205809,113.797"
2025-10-21 20:05:34,"205910,113.782"
2025-10-21 20:05:34,"206011,113.774"
2025-10-21 20:05:34,"206112,113.767"
2025-10-21 20:05:34,"206213,113.761"
2025-10-21 20:05:34,"206314,113.739"
2025-10-21 20:05:34,"206415,113.729"
2025-10-21 20:05:34,"206516,113.731"
2025-10-21 20:05:34,"206617,113.724"
2025-10-21 20:05:34,"206718,113.703"
2025-10-21 20:05:34,"206819,113.703"
2025-10-21 20:05:34,"206920,113.703"
2025-10-21 20:05:34,"207021,113.727"
2025-10-21 20:05:34,"207122,113.720"
2025-10-21 20:05:34,"207223,113.707"
2025-10-21 20:05:34,"207324,113.720"
2025-10-21 20:05:34,"207425,113.718"
2025-10-21 20:05:34,"207526,113.705"
2025-10-21 20:05:34,"207627,113.699"
2025-10-21 20:05:34,"207728,113.712"
2025-10-21 20:05:34,"207829,113.699"
2025-10-21 20:05:34,"207930,113.677"
2025-10-21 20:05:34,"208031,113.673"
2025-10-21 20:05:34,"208132,113.690"
2025-10-21 20:05:34,"208233,113.690"
2025-10-21 20:05:34,"208334,113.694"
2025-10-21 20:05:34,"208435,113.686"
2025-10-21 20:05:34,"208536,113.679"
2025-10-21 20:05:34,"208637,113.660"
2025-10-21 20:05:34,"208738,113.675"
2025-10-21 20:05:34,"208839,113.688"
2025-10-21 20:05:34,"208940,113.677"
2025-10-21 20:05:34,"209041,113.675"
2025-10-21 20:05:34,"209142,113.677"
2025-10-21 20:05:34,"209243,113.664"
2025-10-21 20:05:34,"209344,113.656"
2025-10-21 20:05:34,"209445,113.658"
2025-10-21 20:05:34,"209546,113.658"
2025-10-21 20:05:34,"209647,113.639"
2025-10-21 20:05:34,"209748,113.662"
2025-10-21 20:05:34,"209849,113.658"
2025-10-21 20:05:34,"209950,113.658"
2025-10-21 20:05:34,"210051,113.639"
2025-10-21 20:05:34,"210152,113.632"
2025-10-21 20:05:34,"210253,113.615"
2025-10-21 20:05:34,"210354,113.594"
2025-10-21 20:05:34,"210455,113.596"
2025-10-21 20:05:34,"210556,113.591"
2025-10-21 20:05:34,"210657,113.581"
2025-10-21 20:05:34,"210758,113.557"
2025-10-21 20:05:34,"210859,113.546"
2025-10-21 20:05:34,"210960,113.527"
2025-10-21 20:05:34,"211061,113.508"
2025-10-21 20:05:34,"211162,113.495"
2025-10-21 20:05:34,"211263,113.486"
2025-10-21 20:05:34,"211364,113.486"
2025-10-21 20:05:34,"211465,113.476"
2025-10-21 20:05:34,"211566,113.467"
2025-10-21 20:05:34,"211667,113.439"
2025-10-21 20:05:34,"211768,113.426"
2025-10-21 20:05:34,"211869,113.418"
2025-10-21 20:05:34,"211970,113.400"
2025-10-21 20:05:34,"212071,113.394"
2025-10-21 20:05:34,"212172,113.377"
2025-10-21 20:05:34,"212273,113.375"
2025-10-21 20:05:34,"212374,113.364"
2025-10-21 20:05:34,"212475,113.355"
2025-10-21 20:05:34,"212576,113.353"
2025-10-21 20:05:34,"212677,113.338"
2025-10-21 20:05:34,"212778,113.328"
2025-10-21 20:05:34,"212879,113.319"
2025-10-21 20:05:34,"212980,113.313"
2025-10-21 20:05:34,"213081,113.310"
2025-10-21 20:05:34,"213182,113.321"
2025-10-21 20:05:34,"213283,113.336"
2025-10-21 20:05:34,"213384,113.330"
2025-10-21 20:05:34,"213485,113.325"
2025-10-21 20:05:34,"213586,113.325"
2025-10-21 20:05:34,"213687,113.308"
2025-10-21 20:05:34,"213788,113.300"
2025-10-21 20:05:34,"213889,113.304"
2025-10-21 20:05:34,"213990,113.287"
2025-10-21 20:05:34,"214091,113.278"
2025-10-21 20:05:34,"214192,113.265"
2025-10-21 20:05:34,"214293,113.276"
2025-10-21 20:05:34,"214394,113.289"
2025-10-21 20:05:34,"214495,113.285"
2025-10-21 20:05:34,"214596,113.263"
2025-10-21 20:05:34,"214697,113.257"
2025-10-21 20:05:34,"214798,113.255"
2025-10-21 20:05:34,"214899,113.250"
2025-10-21 20:05:34,"215000,113.237"
2025-10-21 20:05:34,"215101,113.237"
2025-10-21 20:05:34,"215202,113.212"
2025-10-21 20:05:34,"215303,113.188"
2025-10-21 20:05:34,"215404,113.199"
2025-10-21 20:05:34,"215505,113.184"
2025-10-21 20:05:34,"215606,113.162"
2025-10-21 20:05:34,"215707,113.143"
2025-10-21 20:05:34,"215808,113.143"
2025-10-21 20:05:34,"215909,113.147"
2025-10-21 20:05:34,"216010,113.158"
2025-10-21 20:05:34,"216111,113.139"
2025-10-21 20:05:34,"216212,113.135"
2025-10-21 20:05:34,"216313,113.102"
2025-10-21 20:05:34,"216414,113.094"
2025-10-21 20:05:34,"216515,113.087"
2025-10-21 20:05:34,"216616,113.072"
2025-10-21 20:05:34,"216717,113.051"
2025-10-21 20:05:34,"216818,113.049"
2025-10-21 20:05:34,"216919,113.042"
2025-10-21 20:05:34,"217020,113.025"
2025-10-21 20:05:34,"217121,113.008"
2025-10-21 20:05:34,"217222,113.002"
2025-10-21 20:05:34,"217323,112.997"
2025-10-21 20:05:34,"217424,112.969"
2025-10-21 20:05:34,"217525,112.961"
2025-10-21 20:05:34,"217626,112.954"
2025-10-21 20:05:34,"217727,112.939"
2025-10-21 20:05:34,"217828,112.916"
2025-10-21 20:05:34,"217929,112.916"
2025-10-21 20:05:34,"218030,112.914"
2025-10-21 20:05:34,"218131,112.905"
2025-10-21 20:05:34,"218232,112.877"
2025-10-21 20:05:34,"218333,112.875"
2025-10-21 20:05:34,"218434,112.862"
2025-10-21 20:05:34,"218535,112.858"
2025-10-21 20:05:34,"218636,112.854"
2025-10-21 20:05:34,"218737,112.847"
2025-10-21 20:05:34,"218838,112.826"
2025-10-21 20:05:34,"218939,112.817"
2025-10-21 20:05:34,"219040,112.809"
2025-10-21 20:05:34,"219141,112.798"
2025-10-21 20:05:34,"219242,112.798"
2025-10-21 20:05:34,"219343,112.791"
2025-10-21 20:05:34,"219444,112.774"
2025-10-21 20:05:34,"219545,112.770"
2025-10-21 20:05:34,"219646,112.768"
2025-10-21 20:05:34,"219747,112.772"
2025-10-21 20:05:34,"219848,112.757"
2025-10-21 20:05:34,"219949,112.753"
2025-10-21 20:05:34,"220050,112.738"
2025-10-21 20:05:34,"220151,112.740"
2025-10-21 20:05:34,"220252,112.744"
2025-10-21 20:05:34,"220353,112.740"
2025-10-21 20:05:34,"220454,112.736"
2025-10-21 20:05:34,"220555,112.723"
2025-10-21 20:05:34,"220656,112.723"
2025-10-21 20:05:34,"220757,112.723"
2025-10-21 20:05:34,"220858,112.718"
2025-10-21 20:05:34,"220959,112.721"
2025-10-21 20:05:34,"221060,112.736"
2025-10-21 20:05:34,"221161,112.759"
2025-10-21 20:05:34,"221262,112.779"
2025-10-21 20:05:34,"221363,112.800"
2025-10-21 20:05:34,"221464,112.824"
2025-10-21 20:05:34,"221565,112.845"
2025-10-21 20:05:34,"221666,112.875"
2025-10-21 20:05:34,"221767,112.901"
2025-10-21 20:05:34,"221868,112.909"
2025-10-21 20:05:34,"221969,112.907"
2025-10-21 20:05:34,"222070,112.918"
2025-10-21 20:05:34,"222171,112.924"
2025-10-21 20:05:34,"222272,112.927"
2025-10-21 20:05:34,"222373,112.914"
2025-10-21 20:05:34,"222474,112.931"
2025-10-21 20:05:34,"222575,112.935"
2025-10-21 20:05:34,"222676,112.952"
2025-10-21 20:05:34,"222777,112.967"
2025-10-21 20:05:34,"222878,112.984"
2025-10-21 20:05:34,"222979,112.989"
2025-10-21 20:05:34,"223080,113.006"
2025-10-21 20:05:34,"223181,113.025"
2025-10-21 20:05:34,"223282,113.038"
2025-10-21 20:05:34,"223383,113.034"
2025-10-21 20:05:34,"223484,113.027"
2025-10-21 20:05:34,"223585,113.036"
2025-10-21 20:05:34,"223686,113.057"
2025-10-21 20:05:34,"223787,113.087"
2025-10-21 20:05:34,"223888,113.098"
2025-10-21 20:05:34,"223989,113.117"
2025-10-21 20:05:34,"224090,113.137"
2025-10-21 20:05:34,"224191,113.156"
2025-10-21 20:05:34,"224292,113.171"
2025-10-21 20:05:34,"224393,113.186"
2025-10-21 20:05:34,"224494,113.195"
2025-10-21 20:05:34,"224595,113.203"
2025-10-21 20:05:34,"224696,113.227"
2025-10-21 20:05:34,"224797,113.246"
2025-10-21 20:05:34,"224898,113.265"
2025-10-21 20:05:34,"224999,113.280"
2025-10-21 20:05:34,"225100,113.304"
2025-10-21 20:05:34,"225201,113.313"
2025-10-21 20:05:34,"225302,113.343"
2025-10-21 20:05:34,"225403,113.373"
2025-10-21 20:05:34,"225504,113.381"
2025-10-21 20:05:34,"225605,113.403"
2025-10-21 20:05:34,"225706,113.424"
2025-10-21 20:05:34,"225807,113.446"
2025-10-21 20:05:34,"225908,113.456"
2025-10-21 20:05:34,"226009,113.469"
2025-10-21 20:05:34,"226110,113.465"
2025-10-21 20:05:34,"226211,113.480"
2025-10-21 20:05:34,"226312,113.491"
2025-10-21 20:05:34,"226413,113.540"
2025-10-21 20:05:34,"226514,113.564"
2025-10-21 20:05:34,"226615,113.579"
2025-10-21 20:05:34,"226716,113.594"
2025-10-21 20:05:34,"226817,113.617"
2025-10-21 20:05:34,"226918,113.634"
2025-10-21 20:05:34,"227019,113.641"
2025-10-21 20:05:34,"227120,113.658"
2025-10-21 20:05:34,"227221,113.677"
2025-10-21 20:05:34,"227322,113.696"
2025-10-21 20:05:34,"227423,113.718"
2025-10-21 20:05:34,"227524,113.733"
2025-10-21 20:05:34,"227625,113.757"
2025-10-21 20:05:34,"227726,113.776"
2025-10-21 20:05:34,"227827,113.797"
2025-10-21 20:05:34,"227928,113.802"
2025-10-21 20:05:34,"228029,113.814"
2025-10-21 20:05:34,"228130,113.829"
2025-10-21 20:05:34,"228231,113.832"
2025-10-21 20:05:34,"228332,113.855"
2025-10-21 20:05:34,"228433,113.864"
2025-10-21 20:05:34,"228534,113.883"
2025-10-21 20:05:34,"228635,113.898"
2025-10-21 20:05:34,"228736,113.909"
2025-10-21 20:05:34,"228837,113.930"
2025-10-21 20:05:34,"228938,113.950"
2025-10-21 20:05:34,"229039,113.958"
2025-10-21 20:05:34,"229140,113.973"
2025-10-21 20:05:34,"229241,113.971"
2025-10-21 20:05:34,"229342,113.977"
2025-10-21 20:05:34,"229443,113.988"
2025-10-21 20:05:34,"229544,114.018"
2025-10-21 20:05:34,"229645,114.029"
2025-10-21 20:05:34,"229746,114.033"
2025-10-21 20:05:34,"229847,114.040"
2025-10-21 20:05:34,"229948,114.052"
2025-10-21 20:05:34,"230049,114.050"
2025-10-21 20:05:34,"230150,114.052"
2025-10-21 20:05:34,"230251,114.076"
2025-10-21 20:05:34,"230352,114.089"
2025-10-21 20:05:34,"230453,114.095"
2025-10-21 20:05:34,"230554,114.115"
2025-10-21 20:05:34,"230655,114.143"
2025-10-21 20:05:34,"230756,114.153"
2025-10-21 20:05:34,"230857,114.164"
2025-10-21 20:05:34,"230958,114.183"
2025-10-21 20:05:34,"231059,114.192"
2025-10-21 20:05:34,"231160,114.198"
2025-10-21 20:05:34,"231261,114.196"
2025-10-21 20:05:34,"231362,114.183"
2025-10-21 20:05:34,"231463,114.179"
2025-10-21 20:05:34,"231564,114.170"
2025-10-21 20:05:34,"231665,114.149"
2025-10-21 20:05:34,"231766,114.136"
2025-10-21 20:05:34,"231867,114.132"
2025-10-21 20:05:34,"231968,114.121"
2025-10-21 20:05:34,"232069,114.117"
2025-10-21 20:05:34,"232170,114.125"
2025-10-21 20:05:34,"232271,114.128"
2025-10-21 20:05:34,"232372,114.130"
2025-10-21 20:05:34,"232473,114.147"
2025-10-21 20:05:34,"232574,114.138"
2025-10-21 20:05:34,"232675,114.130"
2025-10-21 20:05:34,"232776,114.123"
2025-10-21 20:05:34,"232877,114.106"
2025-10-21 20:05:34,"232978,114.091"
2025-10-21 20:05:34,"233079,114.087"
2025-10-21 20:05:34,"233180,114.074"
2025-10-21 20:05:34,"233281,114.055"
2025-10-21 20:05:34,"233382,114.042"
2025-10-21 20:05:34,"233483,114.035"
2025-10-21 20:05:34,"233584,114.040"
2025-10-21 20:05:34,"233685,114.031"
2025-10-21 20:05:34,"233786,114.020"
2025-10-21 20:05:34,"233887,113.986"
2025-10-21 20:05:34,"233988,113.967"
2025-10-21 20:05:34,"234089,113.947"
2025-10-21 20:05:34,"234190,113.943"
2025-10-21 20:05:34,"234291,113.926"
2025-10-21 20:05:34,"234392,113.920"
2025-10-21 20:05:34,"234493,113.905"
2025-10-21 20:05:34,"234594,113.892"
2025-10-21 20:05:34,"234695,113.883"
2025-10-21 20:05:34,"234796,113.866"
2025-10-21 20:05:34,"234897,113.842"
2025-10-21 20:05:34,"234998,113.823"
2025-10-21 20:05:34,"235099,113.808"
2025-10-21 20:05:34,"235200,113.789"
2025-10-21 20:05:34,"235301,113.780"
2025-10-21 20:05:34,"235402,113.767"
2025-10-21 20:05:34,"235503,113.746"
2025-10-21 20:05:34,"235604,113.739"
2025-10-21 20:05:34,"235705,113.729"
2025-10-21 20:05:34,"235806,113.714"
2025-10-21 20:05:34,"235907,113.714"
2025-10-21 20:05:34,"236008,113.701"
2025-10-21 20:05:34,"236109,113.690"
2025-10-21 20:05:34,"236210,113.677"
2025-10-21 20:05:34,"236311,113.669"
2025-10-21 20:05:35,"236412,290346,111.809"
2025-10-21 20:05:35,"290447,111.811"
2025-10-21 20:05:35,"290548,111.811"
2025-10-21 20:05:35,"290649,111.811"
2025-10-21 20:05:35,"290750,111.813"
2025-10-21 20:05:35,"290851,111.809"
2025-10-21 20:05:35,"290952,111.809"
2025-10-21 20:05:35,"291053,111.803"
2025-10-21 20:05:35,"291154,111.803"
2025-10-21 20:05:35,"291255,111.811"
2025-10-21 20:05:36,"291356,111.805"
2025-10-21 20:05:36,"291457,111.807"
2025-10-21 20:05:36,"291558,111.807"
2025-10-21 20:05:36,"291659,111.805"
2025-10-21 20:05:36,"291760,111.800"
2025-10-21 20:05:36,"291861,111.796"
2025-10-21 20:05:36,"291962,111.798"
2025-10-21 20:05:36,"292063,111.796"
2025-10-21 20:05:36,"292164,111.788"
2025-10-21 20:05:36,"292265,111.788"
2025-10-21 20:05:37,"292366,111.781"
2025-10-21 20:05:37,"292467,111.777"
2025-10-21 20:05:37,"292568,111.783"
2025-10-21 20:05:37,"292669,111.779"
2025-10-21 20:05:37,"292770,111.773"
2025-10-21 20:05:37,"292871,111.785"
2025-10-21 20:05:37,"292972,111.781"
2025-10-21 20:05:37,"293073,111.790"
2025-10-21 20:05:37,"293174,111.792"
2025-10-21 20:05:37,"293275,111.788"
2025-10-21 20:05:38,"293376,111.781"
2025-10-21 20:05:38,"293477,111.768"
2025-10-21 20:05:38,"293578,111.758"
2025-10-21 20:05:38,"293679,111.758"
2025-10-21 20:05:38,"293780,111.758"
2025-10-21 20:05:38,"293881,111.758"
2025-10-21 20:05:38,"293982,111.758"
2025-10-21 20:05:38,"294083,111.753"
2025-10-21 20:05:38,"294184,111.753"
2025-10-21 20:05:38,"294285,111.762"
2025-10-21 20:05:39,"294386,111.755"
2025-10-21 20:05:39,"294487,111.751"
2025-10-21 20:05:39,"294588,111.758"
2025-10-21 20:05:39,"294689,111.758"
2025-10-21 20:05:39,"294790,111.762"
2025-10-21 20:05:39,"294891,111.755"
2025-10-21 20:05:39,"294992,111.760"
2025-10-21 20:05:39,"295093,111.755"
2025-10-21 20:05:39,"295194,111.753"
2025-10-21 20:05:39,"295295,111.753"
2025-10-21 20:05:40,"295396,111.760"
2025-10-21 20:05:40,"295497,111.760"
2025-10-21 20:05:40,"295598,111.755"
2025-10-21 20:05:40,"295699,111.753"
2025-10-21 20:05:40,"295800,111.760"
2025-10-21 20:05:40,"295901,111.762"
2025-10-21 20:05:40,"296002,111.753"
2025-10-21 20:05:40,"296103,111.753"
2025-10-21 20:05:40,"296204,111.753"
2025-10-21 20:05:40,"296305,111.745"
2025-10-21 20:05:41,"296406,111.740"
2025-10-21 20:05:41,"296507,111.740"
2025-10-21 20:05:41,"296608,111.738"
2025-10-21 20:05:41,"296709,111.738"
2025-10-21 20:05:41,"296810,111.736"
2025-10-21 20:05:41,"296911,111.745"
2025-10-21 20:05:41,"297012,111.747"
2025-10-21 20:05:41,"297113,111.747"
2025-10-21 20:05:41,"297214,111.753"
2025-10-21 20:05:41,"297315,111.751"
2025-10-21 20:05:42,"297416,111.753"
2025-10-21 20:05:42,"297517,111.749"
2025-10-21 20:05:42,"297618,111.743"
2025-10-21 20:05:42,"297719,111.730"
2025-10-21 20:05:42,"297820,111.738"
2025-10-21 20:05:42,"297921,111.738"
2025-10-21 20:05:42,"298022,111.738"
2025-10-21 20:05:42,"298123,111.745"
2025-10-21 20:05:42,"298224,111.745"
2025-10-21 20:05:42,"298325,111.738"
2025-10-21 20:05:43,"298426,111.730"
2025-10-21 20:05:43,"298527,111.736"
2025-10-21 20:05:43,"298628,111.736"
2025-10-21 20:05:43,"298729,111.743"
2025-10-21 20:05:43,"298830,111.740"
2025-10-21 20:05:43,"298931,111.740"
2025-10-21 20:05:43,"299032,111.740"
2025-10-21 20:05:43,"299133,111.740"
2025-10-21 20:05:43,"299234,111.753"
2025-10-21 20:05:43,"299335,111.749"
2025-10-21 20:05:44,"299436,111.747"
2025-10-21 20:05:44,"299537,111.755"
2025-10-21 20:05:44,"299638,111.760"
2025-10-21 20:05:44,"299739,111.770"
2025-10-21 20:05:44,"299840,111.766"
2025-10-21 20:05:44,"299941,111.755"
2025-10-21 20:05:44,"300042,111.747"
2025-10-21 20:05:44,"300143,111.751"
2025-10-21 20:05:44,"300244,111.745"
2025-10-21 20:05:45,"300345,111.743"
2025-10-21 20:05:45,"300446,111.755"
2025-10-21 20:05:45,"300547,111.753"
2025-10-21 20:05:45,"300648,111.753"
2025-10-21 20:05:45,"300749,111.740"
2025-10-21 20:05:45,"300850,111.734"
2025-10-21 20:05:45,"300951,111.740"
2025-10-21 20:05:45,"301052,111.732"
2025-10-21 20:05:45,"301153,111.734"
2025-10-21 20:05:45,"301254,111.732"
2025-10-21 20:05:46,"301355,111.723"
2025-10-21 20:05:46,"301456,111.728"
2025-10-21 20:05:46,"301557,111.725"
2025-10-21 20:05:46,"301658,111.717"
2025-10-21 20:05:46,"301759,111.713"
2025-10-21 20:05:46,"301860,111.713"
2025-10-21 20:05:46,"301961,111.706"
2025-10-21 20:05:46,"302062,111.706"
2025-10-21 20:05:46,"302163,111.708"
2025-10-21 20:05:46,"302264,111.706"
2025-10-21 20:05:47,"302365,111.704"
2025-10-21 20:05:47,"302466,111.706"
2025-10-21 20:05:47,"302567,111.710"
2025-10-21 20:05:47,"302668,111.715"
2025-10-21 20:05:47,"302769,111.708"
2025-10-21 20:05:47,"302870,111.695"
2025-10-21 20:05:47,"302971,111.700"
2025-10-21 20:05:47,"303072,111.706"
2025-10-21 20:05:47,"303173,111.685"
2025-10-21 20:05:47,"303274,111.676"
2025-10-21 20:05:48,"303375,111.678"
2025-10-21 20:05:48,"303476,111.674"
2025-10-21 20:05:48,"303577,111.689"
2025-10-21 20:05:48,"303678,111.698"
2025-10-21 20:05:48,"303779,111.698"
2025-10-21 20:05:48,"303880,111.698"
2025-10-21 20:05:48,"303981,111.702"
2025-10-21 20:05:48,"304082,111.704"
2025-10-21 20:05:48,"304183,111.704"
2025-10-21 20:05:48,"304284,111.704"
2025-10-21 20:05:49,"304385,111.695"
2025-10-21 20:05:49,"304486,111.700"
2025-10-21 20:05:49,"304587,111.695"
2025-10-21 20:05:49,"304688,111.695"
2025-10-21 20:05:49,"304789,111.683"
2025-10-21 20:05:49,"304890,111.674"
2025-10-21 20:05:49,"304991,111.670"
2025-10-21 20:05:49,"305092,111.661"
2025-10-21 20:05:49,"305193,111.650"
2025-10-21 20:05:49,"305294,111.644"
2025-10-21 20:05:50,"305395,111.640"
2025-10-21 20:05:50,"305496,111.622"
2025-10-21 20:05:50,"305597,111.603"
2025-10-21 20:05:50,"305698,111.597"
2025-10-21 20:05:50,"305799,111.592"
2025-10-21 20:05:50,"305900,111.582"
2025-10-21 20:05:50,"306001,111.562"
2025-10-21 20:05:50,"306102,111.556"
2025-10-21 20:05:50,"306203,111.550"
2025-10-21 20:05:50,"306304,111.550"
2025-10-21 20:05:51,"306405,111.545"
2025-10-21 20:05:51,"306506,111.532"
2025-10-21 20:05:51,"306607,111.528"
2025-10-21 20:05:51,"306708,111.524"
2025-10-21 20:05:51,"306809,111.517"
2025-10-21 20:05:51,"306910,111.502"
2025-10-21 20:05:51,"307011,111.489"
2025-10-21 20:05:51,"307112,111.472"
2025-10-21 20:05:51,"307213,111.455"
2025-10-21 20:05:51,"307314,111.436"
2025-10-21 20:05:52,"307415,111.425"
2025-10-21 20:05:52,"307516,111.417"
2025-10-21 20:05:52,"307617,111.399"
2025-10-21 20:05:52,"307718,111.395"
2025-10-21 20:05:52,"307819,111.391"
2025-10-21 20:05:52,"307920,111.382"
2025-10-21 20:05:52,"308021,111.374"
2025-10-21 20:05:52,"308122,111.361"
2025-10-21 20:05:52,"308223,111.352"
2025-10-21 20:05:52,"308324,111.333"
2025-10-21 20:05:53,"308425,111.329"
2025-10-21 20:05:53,"308526,111.326"
2025-10-21 20:05:53,"308627,111.314"
2025-10-21 20:05:53,"308728,111.307"
2025-10-21 20:05:53,"308829,111.299"
2025-10-21 20:05:53,"308930,111.299"
2025-10-21 20:05:53,"309031,111.296"
2025-10-21 20:05:53,"309132,111.290"
2025-10-21 20:05:53,"309233,111.288"
2025-10-21 20:05:53,"309334,111.275"
2025-10-21 20:05:54,"309435,111.258"
2025-10-21 20:05:54,"309536,111.251"
2025-10-21 20:05:54,"309637,111.243"
2025-10-21 20:05:54,"309738,111.230"
2025-10-21 20:05:54,"309839,111.221"
2025-10-21 20:05:54,"309940,111.211"
2025-10-21 20:05:54,"310041,111.213"
2025-10-21 20:05:54,"310142,111.211"
2025-10-21 20:05:54,"310243,111.206"
2025-10-21 20:05:55,"310344,111.206"
2025-10-21 20:05:55,"310445,111.200"
2025-10-21 20:05:55,"310546,111.178"
2025-10-21 20:05:55,"310647,111.170"
2025-10-21 20:05:55,"310748,111.159"
2025-10-21 20:05:55,"310849,111.161"
2025-10-21 20:05:55,"310950,111.153"
2025-10-21 20:05:55,"311051,111.131"
2025-10-21 20:05:55,"311152,111.121"
2025-10-21 20:05:55,"311253,111.112"
2025-10-21 20:05:56,"311354,111.103"
2025-10-21 20:05:56,"311455,111.099"
2025-10-21 20:05:56,"311556,111.084"
2025-10-21 20:05:56,"311657,111.065"
2025-10-21 20:05:56,"311758,111.063"
2025-10-21 20:05:56,"311859,111.065"
2025-10-21 20:05:56,"311960,111.056"
2025-10-21 20:05:56,"312061,111.058"
2025-10-21 20:05:56,"312162,111.050"
2025-10-21 20:05:56,"312263,111.043"
2025-10-21 20:05:57,"312364,111.041"
2025-10-21 20:05:57,"312465,111.035"
2025-10-21 20:05:57,"312566,111.031"
2025-10-21 20:05:57,"312667,111.022"
2025-10-21 20:05:57,"312768,110.994"
2025-10-21 20:05:57,"312869,110.983"
2025-10-21 20:05:57,"312970,110.994"
2025-10-21 20:05:57,"313071,110.977"
2025-10-21 20:05:57,"313172,110.968"
2025-10-21 20:05:57,"313273,110.968"
2025-10-21 20:05:58,"313374,110.955"
2025-10-21 20:05:58,"313475,110.938"
2025-10-21 20:05:58,"313576,110.928"
2025-10-21 20:05:58,"313677,110.917"
2025-10-21 20:05:58,"313778,110.895"
2025-10-21 20:05:58,"313879,110.885"
2025-10-21 20:05:58,"313980,110.865"
2025-10-21 20:05:58,"314081,110.840"
2025-10-21 20:05:58,"314182,110.829"
2025-10-21 20:05:58,"314283,110.822"
2025-10-21 20:05:59,"314384,110.814"
2025-10-21 20:05:59,"314485,110.814"
2025-10-21 20:05:59,"314586,110.805"
2025-10-21 20:05:59,"314687,110.805"
2025-10-21 20:05:59,"314788,110.784"
2025-10-21 20:05:59,"314889,110.780"
2025-10-21 20:05:59,"314990,110.780"
2025-10-21 20:05:59,"315091,110.775"
2025-10-21 20:05:59,"315192,110.767"
2025-10-21 20:05:59,"315293,110.760"
2025-10-21 20:06:00,"315394,110.750"
2025-10-21 20:06:00,"315495,110.745"
2025-10-21 20:06:00,"315596,110.754"
2025-10-21 20:06:00,"315697,110.767"
2025-10-21 20:06:00,"315798,110.758"
2025-10-21 20:06:00,"315899,110.754"
2025-10-21 20:06:00,"316000,110.758"
2025-10-21 20:06:00,"316101,110.760"
2025-10-21 20:06:00,"316202,110.758"
2025-10-21 20:06:00,"316303,110.754"
2025-10-21 20:06:01,"316404,110.745"
2025-10-21 20:06:01,"316505,110.728"
2025-10-21 20:06:01,"316606,110.730"
2025-10-21 20:06:01,"316707,110.726"
2025-10-21 20:06:01,"316808,110.717"
2025-10-21 20:06:01,"316909,110.715"
2025-10-21 20:06:01,"317010,110.726"
2025-10-21 20:06:01,"317111,110.737"
2025-10-21 20:06:01,"317212,110.754"
2025-10-21 20:06:01,"317313,110.762"
2025-10-21 20:06:02,"317414,110.760"
2025-10-21 20:06:02,"317515,110.752"
2025-10-21 20:06:02,"317616,110.756"
2025-10-21 20:06:02,"317717,110.767"
2025-10-21 20:06:02,"317818,110.758"
2025-10-21 20:06:02,"317919,110.760"
2025-10-21 20:06:02,"318020,110.756"
2025-10-21 20:06:02,"318121,110.745"
2025-10-21 20:06:02,"318222,110.741"
2025-10-21 20:06:02,"318323,110.735"
2025-10-21 20:06:03,"318424,110.739"
2025-10-21 20:06:03,"318525,110.730"
2025-10-21 20:06:03,"318626,110.722"
2025-10-21 20:06:03,"318727,110.724"
2025-10-21 20:06:03,"318828,110.730"
2025-10-21 20:06:03,"318929,110.732"
2025-10-21 20:06:03,"319030,110.722"
2025-10-21 20:06:03,"319131,110.705"
2025-10-21 20:06:03,"319232,110.692"
2025-10-21 20:06:03,"319333,110.679"
2025-10-21 20:06:04,"319434,110.679"
2025-10-21 20:06:04,"319535,110.679"
2025-10-21 20:06:04,"319636,110.674"
2025-10-21 20:06:04,"319737,110.683"
2025-10-21 20:06:04,"319838,110.689"
2025-10-21 20:06:04,"319939,110.689"
2025-10-21 20:06:04,"320040,110.689"
2025-10-21 20:06:04,"320141,110.677"
2025-10-21 20:06:04,"320242,110.668"
2025-10-21 20:06:05,"320343,110.668"
2025-10-21 20:06:05,"320444,110.666"
2025-10-21 20:06:05,"320545,110.664"
2025-10-21 20:06:05,"320646,110.659"
2025-10-21 20:06:05,"320747,110.657"
2025-10-21 20:06:05,"320848,110.642"
2025-10-21 20:06:05,"320949,110.634"
2025-10-21 20:06:05,"321050,110.627"
2025-10-21 20:06:05,"321151,110.632"
2025-10-21 20:06:05,"321252,110.629"
2025-10-21 20:06:06,"321353,110.636"
2025-10-21 20:06:06,"321454,110.619"
2025-10-21 20:06:06,"321555,110.625"
2025-10-21 20:06:06,"321656,110.627"
2025-10-21 20:06:06,"321757,110.625"
2025-10-21 20:06:06,"321858,110.617"
2025-10-21 20:06:06,"321959,110.606"
2025-10-21 20:06:06,"322060,110.604"
2025-10-21 20:06:06,"322161,110.599"
2025-10-21 20:06:06,"322262,110.599"
2025-10-21 20:06:07,"322363,110.591"
2025-10-21 20:06:07,"322464,110.593"
2025-10-21 20:06:07,"322565,110.593"
2025-10-21 20:06:07,"322666,110.578"
2025-10-21 20:06:07,"322767,110.576"
2025-10-21 20:06:07,"322868,110.587"
2025-10-21 20:06:07,"322969,110.591"
2025-10-21 20:06:07,"323070,110.591"
2025-10-21 20:06:07,"323171,110.597"
2025-10-21 20:06:07,"323272,110.599"
2025-10-21 20:06:08,"323373,110.599"
2025-10-21 20:06:08,"323474,110.591"
2025-10-21 20:06:08,"323575,110.591"
2025-10-21 20:06:08,"323676,110.591"
2025-10-21 20:06:08,"323777,110.578"
2025-10-21 20:06:08,"323878,110.589"
2025-10-21 20:06:08,"323979,110.593"
2025-10-21 20:06:08,"324080,110.593"
2025-10-21 20:06:08,"324181,110.587"
2025-10-21 20:06:08,"324282,110.589"
2025-10-21 20:06:09,"324383,110.593"
2025-10-21 20:06:09,"324484,110.582"
2025-10-21 20:06:09,"324585,110.567"
2025-10-21 20:06:09,"324686,110.565"
2025-10-21 20:06:09,"324787,110.550"
2025-10-21 20:06:09,"324888,110.550"
2025-10-21 20:06:09,"324989,110.546"
2025-10-21 20:06:09,"325090,110.539"
2025-10-21 20:06:09,"325191,110.537"
2025-10-21 20:06:09,"325292,110.539"
2025-10-21 20:06:10,"325393,110.546"
2025-10-21 20:06:10,"325494,110.546"
2025-10-21 20:06:10,"325595,110.546"
2025-10-21 20:06:10,"325696,110.535"
2025-10-21 20:06:10,"325797,110.516"
2025-10-21 20:06:10,"325898,110.520"
2025-10-21 20:06:10,"325999,110.511"
2025-10-21 20:06:10,"326100,110.494"
2025-10-21 20:06:10,"326201,110.492"
2025-10-21 20:06:10,"326302,110.501"
2025-10-21 20:06:11,"326403,110.494"
2025-10-21 20:06:11,"326504,110.484"
2025-10-21 20:06:11,"326605,110.490"
2025-10-21 20:06:11,"326706,110.475"
2025-10-21 20:06:11,"326807,110.479"
2025-10-21 20:06:11,"326908,110.490"
2025-10-21 20:06:11,"327009,110.473"
2025-10-21 20:06:11,"327110,110.473"
2025-10-21 20:06:11,"327211,110.458"
2025-10-21 20:06:11,"327312,110.443"
2025-10-21 20:06:12,"327413,110.434"
2025-10-21 20:06:12,"327514,110.443"
2025-10-21 20:06:12,"327615,110.447"
2025-10-21 20:06:12,"327716,110.434"
2025-10-21 20:06:12,"327817,110.421"
2025-10-21 20:06:12,"327918,110.421"
2025-10-21 20:06:12,"328019,110.411"
2025-10-21 20:06:12,"328120,110.404"
2025-10-21 20:06:12,"328221,110.406"
2025-10-21 20:06:12,"328322,110.404"
2025-10-21 20:06:13,"328423,110.408"
2025-10-21 20:06:13,"328524,110.415"
2025-10-21 20:06:13,"328625,110.421"
2025-10-21 20:06:13,"328726,110.430"
2025-10-21 20:06:13,"328827,110.419"
2025-10-21 20:06:13,"328928,110.398"
2025-10-21 20:06:13,"329029,110.387"
2025-10-21 20:06:13,"329130,110.376"
2025-10-21 20:06:13,"329231,110.381"
2025-10-21 20:06:13,"329332,110.383"
2025-10-21 20:06:14,"329433,110.387"
2025-10-21 20:06:14,"329534,110.368"
2025-10-21 20:06:14,"329635,110.370"
2025-10-21 20:06:14,"329736,110.366"
2025-10-21 20:06:14,"329837,110.348"
2025-10-21 20:06:14,"329938,110.336"
2025-10-21 20:06:14,"330039,110.329"
2025-10-21 20:06:14,"330140,110.327"
2025-10-21 20:06:14,"330241,110.331"
2025-10-21 20:06:15,"330342,110.325"
2025-10-21 20:06:15,"330443,110.316"
2025-10-21 20:06:15,"330544,110.310"
2025-10-21 20:06:15,"330645,110.297"
2025-10-21 20:06:15,"330746,110.293"
2025-10-21 20:06:15,"330847,110.284"
2025-10-21 20:06:15,"330948,110.301"
2025-10-21 20:06:15,"331049,110.299"
2025-10-21 20:06:15,"331150,110.299"
2025-10-21 20:06:15,"331251,110.297"
2025-10-21 20:06:16,"331352,110.303"
2025-10-21 20:06:16,"331453,110.291"
2025-10-21 20:06:16,"331554,110.299"
2025-10-21 20:06:16,"331655,110.286"
2025-10-21 20:06:16,"331756,110.273"
2025-10-21 20:06:16,"331857,110.280"
2025-10-21 20:06:16,"331958,110.280"
2025-10-21 20:06:16,"332059,110.269"
2025-10-21 20:06:16,"332160,110.269"
2025-10-21 20:06:16,"332261,110.263"
2025-10-21 20:06:17,"332362,110.256"
2025-10-21 20:06:17,"332463,110.256"
2025-10-21 20:06:17,"332564,110.248"
2025-10-21 20:06:17,"332665,110.241"
2025-10-21 20:06:17,"332766,110.254"
2025-10-21 20:06:17,"332867,110.250"
2025-10-21 20:06:17,"332968,110.241"
2025-10-21 20:06:17,"333069,110.237"
2025-10-21 20:06:17,"333170,110.224"
2025-10-21 20:06:17,"333271,110.235"
2025-10-21 20:06:18,"333372,110.239"
2025-10-21 20:06:18,"333473,110.254"
2025-10-21 20:06:18,"333574,110.293"
2025-10-21 20:06:18,"333675,110.312"
2025-10-21 20:06:18,"333776,110.333"
2025-10-21 20:06:18,"333877,110.355"
2025-10-21 20:06:18,"333978,110.366"
2025-10-21 20:06:18,"334079,110.374"
2025-10-21 20:06:18,"334180,110.393"
2025-10-21 20:06:18,"334281,110.421"
2025-10-21 20:06:19,"334382,110.434"
2025-10-21 20:06:19,"334483,110.441"
2025-10-21 20:06:19,"334584,110.471"
2025-10-21 20:06:19,"334685,110.503"
2025-10-21 20:06:19,"334786,110.526"
2025-10-21 20:06:19,"334887,110.571"
2025-10-21 20:06:19,"334988,110.604"
2025-10-21 20:06:19,"335089,110.642"
2025-10-21 20:06:19,"335190,110.674"
2025-10-21 20:06:19,"335291,110.704"
2025-10-21 20:06:20,"335392,110.739"
2025-10-21 20:06:20,"335493,110.767"
2025-10-21 20:06:20,"335594,110.801"
2025-10-21 20:06:20,"335695,110.816"
2025-10-21 20:06:20,"335796,110.846"
2025-10-21 20:06:20,"335897,110.882"
2025-10-21 20:06:20,"335998,110.912"
2025-10-21 20:06:20,"336099,110.943"
2025-10-21 20:06:20,"336200,110.975"
2025-10-21 20:06:20,"336301,110.998"
2025-10-21 20:06:21,"336402,111.018"
2025-10-21 20:06:21,"336503,111.045"
2025-10-21 20:06:21,"336604,111.076"
2025-10-21 20:06:21,"336705,111.101"
2025-10-21 20:06:21,"336806,111.138"
2025-10-21 20:06:21,"336907,111.144"
2025-10-21 20:06:21,"337008,111.161"
2025-10-21 20:06:21,"337109,111.206"
2025-10-21 20:06:21,"337210,111.223"
2025-10-21 20:06:21,"337311,111.254"
2025-10-21 20:06:22,"337412,111.281"
2025-10-21 20:06:22,"337513,111.318"
2025-10-21 20:06:22,"337614,111.339"
2025-10-21 20:06:22,"337715,111.367"
2025-10-21 20:06:22,"337816,111.393"
2025-10-21 20:06:22,"337917,111.432"
2025-10-21 20:06:22,"338018,111.464"
2025-10-21 20:06:22,"338119,111.494"
2025-10-21 20:06:22,"338220,111.522"
2025-10-21 20:06:22,"338321,111.547"
2025-10-21 20:06:23,"338422,111.567"
2025-10-21 20:06:23,"338523,111.592"
2025-10-21 20:06:23,"338624,111.612"
2025-10-21 20:06:23,"338725,111.633"
2025-10-21 20:06:23,"338826,111.648"
2025-10-21 20:06:23,"338927,111.687"
2025-10-21 20:06:23,"339028,111.721"
2025-10-21 20:06:23,"339129,111.751"
2025-10-21 20:06:23,"339230,111.779"
2025-10-21 20:06:23,"339331,111.805"
2025-10-21 20:06:24,"339432,111.824"
2025-10-21 20:06:24,"339533,111.858"
2025-10-21 20:06:24,"339634,111.906"
2025-10-21 20:06:24,"339735,111.940"
2025-10-21 20:06:24,"339836,111.968"
2025-10-21 20:06:24,"339937,111.991"
2025-10-21 20:06:24,"340038,112.013"
2025-10-21 20:06:24,"340139,112.041"
2025-10-21 20:06:24,"340240,112.051"
2025-10-21 20:06:25,"340341,112.077"
2025-10-21 20:06:25,"340442,112.109"
2025-10-21 20:06:25,"340543,112.137"
2025-10-21 20:06:25,"340644,112.167"
2025-10-21 20:06:25,"340745,112.210"
2025-10-21 20:06:25,"340846,112.244"
2025-10-21 20:06:25,"340947,112.268"
2025-10-21 20:06:25,"341048,112.294"
2025-10-21 20:06:25,"341149,112.326"
2025-10-21 20:06:25,"341250,112.350"
2025-10-21 20:06:26,"341351,112.382"
2025-10-21 20:06:26,"341452,112.399"
2025-10-21 20:06:26,"341553,112.418"
2025-10-21 20:06:26,"341654,112.442"
2025-10-21 20:06:26,"341755,112.474"
2025-10-21 20:06:26,"341856,112.500"
2025-10-21 20:06:26,"341957,112.523"
2025-10-21 20:06:26,"342058,112.553"
2025-10-21 20:06:26,"342159,112.590"
2025-10-21 20:06:26,"342260,112.607"
2025-10-21 20:06:27,"342361,112.639"
2025-10-21 20:06:27,"342462,112.665"
2025-10-21 20:06:27,"342563,112.691"
2025-10-21 20:06:27,"342664,112.721"
2025-10-21 20:06:27,"342765,112.738"
2025-10-21 20:06:27,"342866,112.761"
2025-10-21 20:06:27,"342967,112.785"
2025-10-21 20:06:27,"343068,112.817"
2025-10-21 20:06:27,"343169,112.849"
2025-10-21 20:06:27,"343270,112.875"
2025-10-21 20:06:28,"343371,112.881"
2025-10-21 20:06:28,"343472,112.896"
2025-10-21 20:06:28,"343573,112.905"
2025-10-21 20:06:28,"343674,112.899"
2025-10-21 20:06:28,"343775,112.905"
2025-10-21 20:06:28,"343876,112.916"
2025-10-21 20:06:28,"343977,112.918"
2025-10-21 20:06:28,"344078,112.929"
2025-10-21 20:06:28,"344179,112.935"
2025-10-21 20:06:28,"344280,112.946"
2025-10-21 20:06:29,"344381,112.959"
2025-10-21 20:06:29,"344482,112.963"
2025-10-21 20:06:29,"344583,112.976"
2025-10-21 20:06:29,"344684,112.978"
2025-10-21 20:06:29,"344785,112.961"
2025-10-21 20:06:29,"344886,112.948"
2025-10-21 20:06:29,"344987,112.935"
2025-10-21 20:06:29,"345088,112.944"
2025-10-21 20:06:29,"345189,112.933"
2025-10-21 20:06:29,"345290,112.920"
2025-10-21 20:06:30,"345391,112.912"
2025-10-21 20:06:30,"345492,112.901"
2025-10-21 20:06:30,"345593,112.901"
2025-10-21 20:06:30,"345694,112.886"
2025-10-21 20:06:30,"345795,112.879"
2025-10-21 20:06:30,"345896,112.879"
2025-10-21 20:06:30,"345997,112.875"
2025-10-21 20:06:30,"346098,112.860"
2025-10-21 20:06:30,"346199,112.854"
2025-10-21 20:06:30,"346300,112.851"
2025-10-21 20:06:31,"346401,112.851"
2025-10-21 20:06:31,"346502,112.841"
2025-10-21 20:06:31,"346603,112.819"
2025-10-21 20:06:31,"346704,112.815"
2025-10-21 20:06:31,"346805,112.811"
2025-10-21 20:06:31,"346906,112.804"
2025-10-21 20:06:31,"347007,112.802"
2025-10-21 20:06:31,"347108,112.796"
2025-10-21 20:06:31,"347209,112.776"
2025-10-21 20:06:31,"347310,112.770"
2025-10-21 20:06:32,"347411,112.766"
2025-10-21 20:06:32,"347512,112.755"
2025-10-21 20:06:32,"347613,112.736"
2025-10-21 20:06:32,"347714,112.731"
2025-10-21 20:06:32,"347815,112.721"
2025-10-21 20:06:32,"347916,112.712"
2025-10-21 20:06:32,"348017,112.697"
2025-10-21 20:06:32,"348118,112.688"
2025-10-21 20:06:32,"348219,112.682"
2025-10-21 20:06:32,"348320,112.684"
2025-10-21 20:06:33,"348421,112.676"
2025-10-21 20:06:33,"348522,112.676"
2025-10-21 20:06:33,"348623,112.669"
2025-10-21 20:06:33,"348724,112.665"
2025-10-21 20:06:33,"348825,112.658"
2025-10-21 20:06:33,"348926,112.652"
2025-10-21 20:06:33,"349027,112.637"
2025-10-21 20:06:33,"349128,112.628"
2025-10-21 20:06:33,"349229,112.618"
2025-10-21 20:06:33,"349330,112.607"
2025-10-21 20:06:34,"349431,112.607"
2025-10-21 20:06:34,"349532,112.611"
2025-10-21 20:06:34,"349633,112.596"
2025-10-21 20:06:34,"349734,112.581"
2025-10-21 20:06:34,"349835,112.570"
2025-10-21 20:06:34,"349936,112.560"
2025-10-21 20:06:34,"350037,112.558"
2025-10-21 20:06:34,"350138,112.555"
2025-10-21 20:06:34,"350239,112.543"
2025-10-21 20:06:35,"350340,112.553"
2025-10-21 20:06:35,"350441,112.551"
2025-10-21 20:06:35,"350542,112.545"
2025-10-21 20:06:35,"350643,112.519"
2025-10-21 20:06:35,"350744,112.517"
2025-10-21 20:06:35,"350845,112.498"
2025-10-21 20:06:35,"350946,112.489"
2025-10-21 20:06:35,"351047,112.491"
2025-10-21 20:06:35,"351148,112.478"
2025-10-21 20:06:35,"351249,112.470"
2025-10-21 20:06:36,"351350,112.470"
2025-10-21 20:06:36,"351451,112.468"
2025-10-21 20:06:36,"351552,112.468"
2025-10-21 20:06:36,"351653,112.463"
2025-10-21 20:06:36,"351754,112.459"
2025-10-21 20:06:36,"351855,112.446"
2025-10-21 20:06:36,"351956,112.448"
2025-10-21 20:06:36,"352057,112.440"
2025-10-21 20:06:36,"352158,112.431"
2025-10-21 20:06:36,"352259,112.422"
2025-10-21 20:06:37,"352360,112.427"
2025-10-21 20:06:37,"352461,112.414"
2025-10-21 20:06:37,"352562,112.405"
2025-10-21 20:06:37,"352663,112.407"
2025-10-21 20:06:37,"352764,112.397"
2025-10-21 20:06:37,"352865,112.399"
2025-10-21 20:06:37,"352966,112.386"
2025-10-21 20:06:37,"353067,112.386"
2025-10-21 20:06:37,"353168,112.380"
2025-10-21 20:06:37,"353269,112.369"
2025-10-21 20:06:38,"353370,112.365"
2025-10-21 20:06:38,"353471,112.362"
2025-10-21 20:06:38,"353572,112.354"
2025-10-21 20:06:38,"353673,112.347"
2025-10-21 20:06:38,"353774,112.343"
2025-10-21 20:06:38,"353875,112.345"
2025-10-21 20:06:38,"353976,112.337"
2025-10-21 20:06:38,"354077,112.337"
2025-10-21 20:06:38,"354178,112.326"
2025-10-21 20:06:38,"354279,112.324"
2025-10-21 20:06:39,"354380,112.319"
2025-10-21 20:06:39,"354481,112.307"
2025-10-21 20:06:39,"354582,112.294"
2025-10-21 20:06:39,"354683,112.281"
2025-10-21 20:06:39,"354784,112.279"
2025-10-21 20:06:39,"354885,112.298"
2025-10-21 20:06:39,"354986,112.307"
2025-10-21 20:06:39,"355087,112.304"
2025-10-21 20:06:39,"355188,112.292"
2025-10-21 20:06:39,"355289,112.294"
2025-10-21 20:06:40,"355390,112.298"
2025-10-21 20:06:40,"355491,112.287"
2025-10-21 20:06:40,"355592,112.279"
2025-10-21 20:06:40,"355693,112.270"
2025-10-21 20:06:40,"355794,112.270"
2025-10-21 20:06:40,"355895,112.270"
2025-10-21 20:06:40,"355996,112.259"
2025-10-21 20:06:40,"356097,112.253"
2025-10-21 20:06:40,"356198,112.249"
2025-10-21 20:06:40,"356299,112.251"
2025-10-21 20:06:41,"356400,112.247"
2025-10-21 20:06:41,"356501,112.242"
2025-10-21 20:06:41,"356602,112.242"
2025-10-21 20:06:41,"356703,112.262"
2025-10-21 20:06:41,"356804,112.262"
2025-10-21 20:06:41,"356905,112.262"
2025-10-21 20:06:41,"357006,112.262"
2025-10-21 20:06:41,"357107,112.262"
2025-10-21 20:06:41,"357208,112.259"
2025-10-21 20:06:41,"357309,112.259"
2025-10-21 20:06:42,"357410,112.257"
2025-10-21 20:06:42,"357511,112.253"
2025-10-21 20:06:42,"357612,112.253"
2025-10-21 20:06:42,"357713,112.255"
2025-10-21 20:06:42,"357814,112.249"
2025-10-21 20:06:42,"357915,112.257"
2025-10-21 20:06:42,"358016,112.264"
2025-10-21 20:06:42,"358117,112.270"
2025-10-21 20:06:42,"358218,112.266"
2025-10-21 20:06:42,"358319,112.266"
2025-10-21 20:06:43,"358420,112.264"
2025-10-21 20:06:43,"358521,112.268"
2025-10-21 20:06:43,"358622,112.268"
2025-10-21 20:06:43,"358723,112.259"
2025-10-21 20:06:43,"358824,112.259"
2025-10-21 20:06:43,"358925,112.259"
2025-10-21 20:06:43,"359026,112.262"
2025-10-21 20:06:43,"359127,112.268"
2025-10-21 20:06:43,"359228,112.272"
2025-10-21 20:06:43,"359329,112.262"
2025-10-21 20:06:44,"359430,112.270"
2025-10-21 20:06:44,"359531,112.259"
2025-10-21 20:06:44,"359632,112.259"
2025-10-21 20:06:44,"359733,112.266"
2025-10-21 20:06:44,"359834,112.272"
2025-10-21 20:06:44,"359935,112.268"
2025-10-21 20:06:44,"360036,112.270"
2025-10-21 20:06:44,"360137,112.285"
2025-10-21 20:06:44,"360238,112.283"
2025-10-21 20:06:45,"360339,112.283"
2025-10-21 20:06:45,"360440,112.281"
2025-10-21 20:06:45,"360541,112.268"
2025-10-21 20:06:45,"360642,112.270"
2025-10-21 20:06:45,"360743,112.289"
2025-10-21 20:06:45,"360844,112.287"
2025-10-21 20:06:45,"360945,112.287"
2025-10-21 20:06:45,"361046,112.294"
2025-10-21 20:06:45,"361147,112.300"
2025-10-21 20:06:45,"361248,112.302"
2025-10-21 20:06:46,"361349,112.307"
2025-10-21 20:06:46,"361450,112.302"
2025-10-21 20:06:46,"361551,112.294"
2025-10-21 20:06:46,"361652,112.298"
2025-10-21 20:06:46,"361753,112.304"
2025-10-21 20:06:46,"361854,112.304"
2025-10-21 20:06:46,"361955,112.311"
2025-10-21 20:06:46,"362056,112.315"
2025-10-21 20:06:46,"362157,112.317"
2025-10-21 20:06:46,"362258,112.322"
2025-10-21 20:06:47,"362359,112.326"
2025-10-21 20:06:47,"362460,112.326"
2025-10-21 20:06:47,"362561,112.326"
2025-10-21 20:06:47,"362662,112.328"
2025-10-21 20:06:47,"362763,112.317"
2025-10-21 20:06:47,"362864,112.330"
2025-10-21 20:06:47,"362965,112.330"
2025-10-21 20:06:47,"363066,112.328"
2025-10-21 20:06:47,"363167,112.330"
2025-10-21 20:06:47,"363268,112.335"
2025-10-21 20:06:48,"363369,112.335"
2025-10-21 20:06:48,"363470,112.343"
2025-10-21 20:06:48,"363571,112.345"
2025-10-21 20:06:48,"363672,112.347"
2025-10-21 20:06:48,"363773,112.345"
2025-10-21 20:06:48,"363874,112.352"
2025-10-21 20:06:48,"363975,112.341"
2025-10-21 20:06:48,"364076,112.339"
2025-10-21 20:06:48,"364177,112.337"
2025-10-21 20:06:48,"364278,112.347"
2025-10-21 20:06:49,"364379,112.343"
2025-10-21 20:06:49,"364480,112.343"
2025-10-21 20:06:49,"364581,112.343"
2025-10-21 20:06:49,"364682,112.352"
2025-10-21 20:06:49,"364783,112.365"
2025-10-21 20:06:49,"364884,112.352"
2025-10-21 20:06:49,"364985,112.311"
2025-10-21 20:06:49,"365086,112.302"
2025-10-21 20:06:49,"365187,112.300"
2025-10-21 20:06:49,"365288,112.309"
2025-10-21 20:06:50,"365389,112.311"
2025-10-21 20:06:50,"365490,112.302"
2025-10-21 20:06:50,"365591,112.309"
2025-10-21 20:06:50,"365692,112.313"
2025-10-21 20:06:50,"365793,112.320"
2025-10-21 20:06:50,"365894,112.322"
2025-10-21 20:06:50,"365995,112.324"
2025-10-21 20:06:50,"366096,112.335"
2025-10-21 20:06:50,"366197,112.339"
2025-10-21 20:06:50,"366298,112.343"
2025-10-21 20:06:51,"366399,112.335"
2025-10-21 20:06:51,"366500,112.347"
2025-10-21 20:06:51,"366601,112.358"
2025-10-21 20:06:51,"366702,112.360"
2025-10-21 20:06:51,"366803,112.358"
2025-10-21 20:06:51,"366904,112.345"
2025-10-21 20:06:51,"367005,112.345"
2025-10-21 20:06:51,"367106,112.339"
2025-10-21 20:06:51,"367207,112.339"
2025-10-21 20:06:51,"367308,112.345"
2025-10-21 20:06:52,"367409,112.347"
2025-10-21 20:06:52,"367510,112.354"
2025-10-21 20:06:52,"367611,112.367"
2025-10-21 20:06:52,"367712,112.371"
2025-10-21 20:06:52,"367813,112.369"
2025-10-21 20:06:52,"367914,112.375"
2025-10-21 20:06:52,"368015,112.371"
2025-10-21 20:06:52,"368116,112.371"
2025-10-21 20:06:52,"368217,112.367"
2025-10-21 20:06:52,"368318,112.367"
2025-10-21 20:06:53,"368419,112.373"
2025-10-21 20:06:53,"368520,112.384"
2025-10-21 20:06:53,"368621,112.380"
2025-10-21 20:06:53,"368722,112.380"
2025-10-21 20:06:53,"368823,112.386"
2025-10-21 20:06:53,"368924,112.382"
2025-10-21 20:06:53,"369025,112.382"
2025-10-21 20:06:53,"369126,112.382"
2025-10-21 20:06:53,"369227,112.371"
2025-10-21 20:06:53,"369328,112.369"
2025-10-21 20:06:54,"369429,112.390"
2025-10-21 20:06:54,"369530,112.397"
2025-10-21 20:06:54,"369631,112.397"
2025-10-21 20:06:54,"369732,112.401"
2025-10-21 20:06:54,"369833,112.397"
2025-10-21 20:06:54,"369934,112.397"
2025-10-21 20:06:54,"370035,112.392"
2025-10-21 20:06:54,"370136,112.392"
2025-10-21 20:06:54,"370237,112.373"
2025-10-21 20:06:54,"370338,112.369"
2025-10-21 20:06:55,"370439,112.371"
2025-10-21 20:06:55,"370540,112.369"
2025-10-21 20:06:55,"370641,112.375"
2025-10-21 20:06:55,"370742,112.375"
2025-10-21 20:06:55,"370843,112.380"
2025-10-21 20:06:55,"370944,112.377"
2025-10-21 20:06:55,"371045,112.377"
2025-10-21 20:06:55,"371146,112.369"
2025-10-21 20:06:55,"371247,112.356"
2025-10-21 20:06:56,"371348,112.352"
2025-10-21 20:06:56,"371449,112.345"
2025-10-21 20:06:56,"371550,112.347"
2025-10-21 20:06:56,"371651,112.352"
2025-10-21 20:06:56,"371752,112.350"
2025-10-21 20:06:56,"371853,112.345"
2025-10-21 20:06:56,"371954,112.328"
2025-10-21 20:06:56,"372055,112.317"
2025-10-21 20:06:56,"372156,112.307"
2025-10-21 20:06:56,"372257,112.304"
2025-10-21 20:06:57,"372358,112.302"
2025-10-21 20:06:57,"372459,112.302"
2025-10-21 20:06:57,"372560,112.287"
2025-10-21 20:06:57,"372661,112.289"
2025-10-21 20:06:57,"372762,112.285"
2025-10-21 20:06:57,"372863,112.283"
2025-10-21 20:06:57,"372964,112.274"
2025-10-21 20:06:57,"373065,112.270"
2025-10-21 20:06:57,"373166,112.272"
2025-10-21 20:06:57,"373267,112.262"
2025-10-21 20:06:58,"373368,112.264"
2025-10-21 20:06:58,"373469,112.266"
2025-10-21 20:06:58,"373570,112.253"
2025-10-21 20:06:58,"373671,112.234"
2025-10-21 20:06:58,"373772,112.236"
2025-10-21 20:06:58,"373873,112.236"
2025-10-21 20:06:58,"373974,112.229"
2025-10-21 20:06:58,"374075,112.229"
2025-10-21 20:06:58,"374176,112.223"
2025-10-21 20:06:58,"374277,112.223"
2025-10-21 20:06:59,"374378,112.214"
2025-10-21 20:06:59,"374479,112.214"
2025-10-21 20:06:59,"374580,112.208"
2025-10-21 20:06:59,"374681,112.212"
2025-10-21 20:06:59,"374782,112.193"
2025-10-21 20:06:59,"374883,112.186"
2025-10-21 20:06:59,"374984,112.189"
2025-10-21 20:06:59,"375085,112.217"
2025-10-21 20:06:59,"375186,112.217"
2025-10-21 20:06:59,"375287,112.212"
2025-10-21 20:07:00,"375388,112.199"
2025-10-21 20:07:00,"375489,112.184"
2025-10-21 20:07:00,"375590,112.184"
2025-10-21 20:07:00,"375691,112.182"
2025-10-21 20:07:00,"375792,112.178"
2025-10-21 20:07:00,"375893,112.169"
2025-10-21 20:07:00,"375994,112.165"
2025-10-21 20:07:00,"376095,112.163"
2025-10-21 20:07:00,"376196,112.152"
2025-10-21 20:07:00,"376297,112.161"
2025-10-21 20:07:01,"376398,112.156"
2025-10-21 20:07:01,"376499,112.159"
2025-10-21 20:07:01,"376600,112.148"
2025-10-21 20:07:01,"376701,112.137"
2025-10-21 20:07:01,"376802,112.139"
2025-10-21 20:07:01,"376903,112.133"
2025-10-21 20:07:01,"377004,112.139"
2025-10-21 20:07:01,"377105,112.133"
2025-10-21 20:07:01,"377206,112.133"
2025-10-21 20:07:01,"377307,112.124"
2025-10-21 20:07:02,"377408,112.114"
2025-10-21 20:07:02,"377509,112.111"
2025-10-21 20:07:02,"377610,112.105"
2025-10-21 20:07:02,"377711,112.099"
2025-10-21 20:07:02,"377812,112.092"
2025-10-21 20:07:02,"377913,112.092"
2025-10-21 20:07:02,"378014,112.077"
2025-10-21 20:07:02,"378115,112.079"
2025-10-21 20:07:02,"378216,112.084"
2025-10-21 20:07:02,"378317,112.081"
2025-10-21 20:07:03,"378418,112.081"
2025-10-21 20:07:03,"378519,112.071"
2025-10-21 20:07:03,"378620,112.058"
2025-10-21 20:07:03,"378721,112.058"
2025-10-21 20:07:03,"378822,112.058"
2025-10-21 20:07:03,"378923,112.054"
2025-10-21 20:07:03,"379024,112.051"
2025-10-21 20:07:03,"379125,112.047"
2025-10-21 20:07:03,"379226,112.045"
2025-10-21 20:07:03,"379327,112.047"
2025-10-21 20:07:04,"379428,112.043"
2025-10-21 20:07:04,"379529,112.032"
2025-10-21 20:07:04,"379630,112.019"
2025-10-21 20:07:04,"379731,112.019"
2025-10-21 20:07:04,"379832,112.013"
2025-10-21 20:07:04,"379933,111.998"
2025-10-21 20:07:04,"380034,111.976"
2025-10-21 20:07:04,"380135,111.981"
2025-10-21 20:07:04,"380236,111.978"
2025-10-21 20:07:04,"380337,111.978"
2025-10-21 20:07:05,"380438,111.983"
2025-10-21 20:07:05,"380539,111.981"
2025-10-21 20:07:05,"380640,111.978"
2025-10-21 20:07:05,"380741,111.985"
2025-10-21 20:07:05,"380842,111.981"
2025-10-21 20:07:05,"380943,111.972"
2025-10-21 20:07:05,"381044,111.974"
2025-10-21 20:07:05,"381145,111.974"
2025-10-21 20:07:05,"381246,111.985"
2025-10-21 20:07:06,"381347,111.985"
2025-10-21 20:07:06,"381448,111.978"
2025-10-21 20:07:06,"381549,111.978"
2025-10-21 20:07:06,"381650,111.978"
2025-10-21 20:07:06,"381751,111.968"
2025-10-21 20:07:06,"381852,111.963"
2025-10-21 20:07:06,"381953,111.961"
2025-10-21 20:07:06,"382054,111.970"
2025-10-21 20:07:06,"382155,111.970"
2025-10-21 20:07:06,"382256,111.974"
2025-10-21 20:07:07,"382357,111.976"
2025-10-21 20:07:07,"382458,111.983"
2025-10-21 20:07:07,"382559,111.976"
2025-10-21 20:07:07,"382660,111.989"
2025-10-21 20:07:07,"382761,111.987"
2025-10-21 20:07:07,"382862,111.987"
2025-10-21 20:07:07,"382963,111.989"
2025-10-21 20:07:07,"383064,111.985"
2025-10-21 20:07:07,"383165,111.978"
2025-10-21 20:07:07,"383266,111.978"
2025-10-21 20:07:08,"383367,111.978"
2025-10-21 20:07:08,"383468,111.970"
2025-10-21 20:07:08,"383569,111.968"
2025-10-21 20:07:08,"383670,111.972"
2025-10-21 20:07:08,"383771,111.985"
2025-10-21 20:07:08,"383872,111.978"
2025-10-21 20:07:08,"383973,111.976"
2025-10-21 20:07:08,"384074,111.976"
2025-10-21 20:07:08,"384175,111.978"
2025-10-21 20:07:08,"384276,111.974"
2025-10-21 20:07:09,"384377,111.974"
2025-10-21 20:07:09,"384478,111.968"
2025-10-21 20:07:09,"384579,111.961"
2025-10-21 20:07:09,"384680,111.963"
2025-10-21 20:07:09,"384781,111.955"
2025-10-21 20:07:09,"384882,111.974"
2025-10-21 20:07:09,"384983,111.957"
2025-10-21 20:07:09,"385084,111.955"
2025-10-21 20:07:09,"385185,111.951"
2025-10-21 20:07:09,"385286,111.951"
2025-10-21 20:07:10,"385387,111.942"
2025-10-21 20:07:10,"385488,111.940"
2025-10-21 20:07:10,"385589,111.944"
2025-10-21 20:07:10,"385690,111.940"
2025-10-21 20:07:10,"385791,111.927"
2025-10-21 20:07:10,"385892,111.927"
2025-10-21 20:07:10,"385993,111.925"
2025-10-21 20:07:10,"386094,111.916"
2025-10-21 20:07:10,"386195,111.918"
2025-10-21 20:07:10,"386296,111.912"
2025-10-21 20:07:11,"386397,111.901"
2025-10-21 20:07:11,"386498,111.893"
2025-10-21 20:07:11,"386599,111.880"
2025-10-21 20:07:11,"386700,111.869"
2025-10-21 20:07:11,"386801,111.850"
2025-10-21 20:07:11,"386902,111.848"
2025-10-21 20:07:11,"387003,111.845"
2025-10-21 20:07:11,"387104,111.845"
2025-10-21 20:07:11,"387205,111.837"
2025-10-21 20:07:11,"387306,111.835"
2025-10-21 20:07:12,"387407,111.843"
2025-10-21 20:07:12,"387508,111.841"
2025-10-21 20:07:12,"387609,111.841"
2025-10-21 20:07:12,"387710,111.833"
2025-10-21 20:07:12,"387811,111.813"
2025-10-21 20:07:12,"387912,111.805"
2025-10-21 20:07:12,"388013,111.796"
2025-10-21 20:07:12,"388114,111.807"
2025-10-21 20:07:12,"388215,111.790"
2025-10-21 20:07:12,"388316,111.779"
2025-10-21 20:07:13,"388417,111.775"
2025-10-21 20:07:13,"388518,111.773"
2025-10-21 20:07:13,"388619,111.762"
2025-10-21 20:07:13,"388720,111.764"
2025-10-21 20:07:13,"388821,111.755"
2025-10-21 20:07:13,"388922,111.747"
2025-10-21 20:07:13,"389023,111.747"
2025-10-21 20:07:13,"389124,111.747"
2025-10-21 20:07:13,"389225,111.747"
2025-10-21 20:07:13,"389326,111.749"
2025-10-21 20:07:14,"389427,111.751"
2025-10-21 20:07:14,"389528,111.745"
2025-10-21 20:07:14,"389629,111.736"
2025-10-21 20:07:14,"389730,111.738"
2025-10-21 20:07:14,"389831,111.736"
2025-10-21 20:07:14,"389932,111.738"
2025-10-21 20:07:14,"390033,111.755"
2025-10-21 20:07:14,"390134,111.755"
2025-10-21 20:07:14,"390235,111.743"
2025-10-21 20:07:14,"390336,111.740"
2025-10-21 20:07:15,"390437,111.732"
2025-10-21 20:07:15,"390538,111.732"
2025-10-21 20:07:15,"390639,111.728"
2025-10-21 20:07:15,"390740,111.730"
2025-10-21 20:07:15,"390841,111.723"
2025-10-21 20:07:15,"390942,111.725"
2025-10-21 20:07:15,"391043,111.725"
2025-10-21 20:07:15,"391144,111.723"
2025-10-21 20:07:15,"391245,111.723"
2025-10-21 20:07:16,"391346,111.717"
2025-10-21 20:07:16,"391447,111.713"
2025-10-21 20:07:16,"391548,111.717"
2025-10-21 20:07:16,"391649,111.717"
2025-10-21 20:07:16,"391750,111.717"
2025-10-21 20:07:16,"391851,111.725"
2025-10-21 20:07:16,"391952,111.710"
2025-10-21 20:07:16,"392053,111.710"
2025-10-21 20:07:16,"392154,111.710"
2025-10-21 20:07:16,"392255,111.710"
2025-10-21 20:07:17,"392356,111.708"
2025-10-21 20:07:17,"392457,111.706"
2025-10-21 20:07:17,"392558,111.691"
2025-10-21 20:07:17,"392659,111.691"
2025-10-21 20:07:17,"392760,111.674"
2025-10-21 20:07:17,"392861,111.665"
2025-10-21 20:07:17,"392962,111.657"
2025-10-21 20:07:17,"393063,111.652"
2025-10-21 20:07:17,"393164,111.644"
2025-10-21 20:07:17,"393265,111.642"
2025-10-21 20:07:18,"393366,111.627"
2025-10-21 20:07:18,"393467,111.622"
2025-10-21 20:07:18,"393568,111.616"
2025-10-21 20:07:18,"393669,111.599"
2025-10-21 20:07:18,"393770,111.590"
2025-10-21 20:07:18,"393871,111.582"
2025-10-21 20:07:18,"393972,111.567"
2025-10-21 20:07:18,"394073,111.565"
2025-10-21 20:07:18,"394174,111.552"
2025-10-21 20:07:18,"394275,111.537"
2025-10-21 20:07:19,"394376,111.539"
2025-10-21 20:07:19,"394477,111.528"
2025-10-21 20:07:19,"394578,111.517"
2025-10-21 20:07:19,"394679,111.515"
2025-10-21 20:07:19,"394780,111.498"
2025-10-21 20:07:19,"394881,111.494"
2025-10-21 20:07:19,"394982,111.485"
2025-10-21 20:07:19,"395083,111.487"
2025-10-21 20:07:19,"395184,111.479"
2025-10-21 20:07:19,"395285,111.468"
2025-10-21 20:07:20,"395386,111.466"
2025-10-21 20:07:20,"395487,111.462"
2025-10-21 20:07:20,"395588,111.459"
2025-10-21 20:07:20,"395689,111.451"
2025-10-21 20:07:20,"395790,111.447"
2025-10-21 20:07:20,"395891,111.438"
2025-10-21 20:07:20,"395992,111.432"
2025-10-21 20:07:20,"396093,111.423"
2025-10-21 20:07:20,"396194,111.427"
2025-10-21 20:07:20,"396295,111.399"
2025-10-21 20:07:21,"396396,111.395"
2025-10-21 20:07:21,"396497,111.376"
2025-10-21 20:07:21,"396598,111.369"
2025-10-21 20:07:21,"396699,111.372"
2025-10-21 20:07:21,"396800,111.365"
2025-10-21 20:07:21,"396901,111.376"
2025-10-21 20:07:21,"397002,111.359"
2025-10-21 20:07:21,"397103,111.354"
2025-10-21 20:07:21,"397204,111.346"
2025-10-21 20:07:21,"397305,111.337"
2025-10-21 20:07:22,"397406,111.331"
2025-10-21 20:07:22,"397507,111.331"
2025-10-21 20:07:22,"397608,111.324"
2025-10-21 20:07:22,"397709,111.316"
2025-10-21 20:07:22,"397810,111.322"
2025-10-21 20:07:22,"397911,111.331"
2025-10-21 20:07:22,"398012,111.324"
2025-10-21 20:07:22,"398113,111.333"
2025-10-21 20:07:22,"398214,111.318"
2025-10-21 20:07:22,"398315,111.318"
2025-10-21 20:07:23,"398416,111.309"
2025-10-21 20:07:23,"398517,111.288"
2025-10-21 20:07:23,"398618,111.271"
2025-10-21 20:07:23,"398719,111.271"
2025-10-21 20:07:23,"398820,111.260"
2025-10-21 20:07:23,"398921,111.251"
2025-10-21 20:07:23,"399022,111.249"
2025-10-21 20:07:23,"399123,111.241"
2025-10-21 20:07:23,"399224,111.219"
2025-10-21 20:07:23,"399325,111.198"
2025-10-21 20:07:24,"399426,111.194"
2025-10-21 20:07:24,"399527,111.185"
2025-10-21 20:07:24,"399628,111.183"
2025-10-21 20:07:24,"399729,111.172"
2025-10-21 20:07:24,"399830,111.163"
2025-10-21 20:07:24,"399931,111.157"
2025-10-21 20:07:24,"400032,111.136"
2025-10-21 20:07:24,"400133,111.118"
2025-10-21 20:07:24,"400234,111.108"
2025-10-21 20:07:24,"400335,111.106"
2025-10-21 20:07:25,"400436,111.093"
2025-10-21 20:07:25,"400537,111.093"
2025-10-21 20:07:25,"400638,111.076"
2025-10-21 20:07:25,"400739,111.071"
2025-10-21 20:07:25,"400840,111.052"
2025-10-21 20:07:25,"400941,111.041"
2025-10-21 20:07:25,"401042,111.031"
2025-10-21 20:07:25,"401143,111.015"
2025-10-21 20:07:25,"401244,111.005"
2025-10-21 20:07:26,"401345,110.996"
2025-10-21 20:07:26,"401446,110.992"
2025-10-21 20:07:26,"401547,110.988"
2025-10-21 20:07:26,"401648,110.970"
2025-10-21 20:07:26,"401749,110.955"
2025-10-21 20:07:26,"401850,110.934"
2025-10-21 20:07:26,"401951,110.930"
2025-10-21 20:07:26,"402052,110.930"
2025-10-21 20:07:26,"402153,110.921"
2025-10-21 20:07:26,"402254,110.913"
2025-10-21 20:07:27,"402355,110.904"
2025-10-21 20:07:27,"402456,110.889"
2025-10-21 20:07:27,"402557,110.887"
2025-10-21 20:07:27,"402658,110.880"
2025-10-21 20:07:27,"402759,110.861"
2025-10-21 20:07:27,"402860,110.850"
2025-10-21 20:07:27,"402961,110.848"
2025-10-21 20:07:27,"403062,110.850"
2025-10-21 20:07:27,"403163,110.833"
2025-10-21 20:07:27,"403264,110.842"
2025-10-21 20:07:28,"403365,110.842"
2025-10-21 20:07:28,"403466,110.848"
2025-10-21 20:07:28,"403567,110.846"
2025-10-21 20:07:28,"403668,110.840"
2025-10-21 20:07:28,"403769,110.840"
2025-10-21 20:07:28,"403870,110.831"
2025-10-21 20:07:28,"403971,110.831"
2025-10-21 20:07:28,"404072,110.827"
2025-10-21 20:07:28,"404173,110.814"
2025-10-21 20:07:28,"404274,110.807"
2025-10-21 20:07:29,"404375,110.812"
2025-10-21 20:07:29,"404476,110.807"
2025-10-21 20:07:29,"404577,110.810"
2025-10-21 20:07:29,"404678,110.816"
2025-10-21 20:07:29,"404779,110.814"
2025-10-21 20:07:29,"404880,110.816"
2025-10-21 20:07:29,"404981,110.822"
2025-10-21 20:07:29,"405082,110.810"
2025-10-21 20:07:29,"405183,110.801"
2025-10-21 20:07:29,"405284,110.803"
2025-10-21 20:07:30,"405385,110.807"
2025-10-21 20:07:30,"405486,110.795"
2025-10-21 20:07:30,"405587,110.788"
2025-10-21 20:07:30,"405688,110.771"
2025-10-21 20:07:30,"405789,110.771"
2025-10-21 20:07:30,"405890,110.771"
2025-10-21 20:07:30,"405991,110.767"
2025-10-21 20:07:30,"406092,110.750"
2025-10-21 20:07:30,"406193,110.747"
2025-10-21 20:07:30,"406294,110.741"
2025-10-21 20:07:31,"406395,110.758"
2025-10-21 20:07:31,"406496,110.758"
2025-10-21 20:07:31,"406597,110.765"
2025-10-21 20:07:31,"406698,110.762"
2025-10-21 20:07:31,"406799,110.765"
2025-10-21 20:07:31,"406900,110.771"
2025-10-21 20:07:31,"407001,110.771"
2025-10-21 20:07:31,"407102,110.771"
2025-10-21 20:07:31,"407203,110.767"
2025-10-21 20:07:31,"407304,110.758"
2025-10-21 20:07:32,"407405,110.773"
2025-10-21 20:07:32,"407506,110.771"
2025-10-21 20:07:32,"407607,110.767"
2025-10-21 20:07:32,"407708,110.756"
2025-10-21 20:07:32,"407809,110.756"
2025-10-21 20:07:32,"407910,110.743"
2025-10-21 20:07:32,"408011,110.728"
2025-10-21 20:07:32,"408112,110.728"
2025-10-21 20:07:32,"408213,110.717"
2025-10-21 20:07:32,"408314,110.722"
2025-10-21 20:07:33,"408415,110.715"
2025-10-21 20:07:33,"408516,110.707"
2025-10-21 20:07:33,"408617,110.726"
2025-10-21 20:07:33,"408718,110.735"
2025-10-21 20:07:33,"408819,110.724"
2025-10-21 20:07:33,"408920,110.715"
2025-10-21 20:07:33,"409021,110.717"
2025-10-21 20:07:33,"409122,110.707"
2025-10-21 20:07:33,"409223,110.707"
2025-10-21 20:07:33,"409324,110.711"
2025-10-21 20:07:34,"409425,110.717"
2025-10-21 20:07:34,"409526,110.713"
2025-10-21 20:07:34,"409627,110.709"
2025-10-21 20:07:34,"409728,110.709"
2025-10-21 20:07:34,"409829,110.724"
2025-10-21 20:07:34,"409930,110.724"
2025-10-21 20:07:34,"410031,110.724"
2025-10-21 20:07:34,"410132,110.735"
2025-10-21 20:07:34,"410233,110.741"
2025-10-21 20:07:34,"410334,110.752"
2025-10-21 20:07:35,"410435,110.739"
2025-10-21 20:07:35,"410536,110.750"
2025-10-21 20:07:35,"410637,110.732"
2025-10-21 20:07:35,"410738,110.747"
2025-10-21 20:07:35,"410839,110.745"
2025-10-21 20:07:35,"410940,110.756"
2025-10-21 20:07:35,"411041,110.752"
2025-10-21 20:07:35,"411142,110.754"
2025-10-21 20:07:35,"411243,110.760"
2025-10-21 20:07:36,"411344,110.754"
2025-10-21 20:07:36,"411445,110.752"
2025-10-21 20:07:36,"411546,110.743"
2025-10-21 20:07:36,"411647,110.735"
2025-10-21 20:07:36,"411748,110.735"
2025-10-21 20:07:36,"411849,110.741"
2025-10-21 20:07:36,"411950,110.754"
2025-10-21 20:07:36,"412051,110.754"
2025-10-21 20:07:36,"412152,110.769"
2025-10-21 20:07:36,"412253,110.769"
2025-10-21 20:07:37,"412354,110.775"
2025-10-21 20:07:37,"412455,110.780"
2025-10-21 20:07:37,"412556,110.788"
2025-10-21 20:07:37,"412657,110.771"
2025-10-21 20:07:37,"412758,110.767"
2025-10-21 20:07:37,"412859,110.777"
2025-10-21 20:07:37,"412960,110.780"
2025-10-21 20:07:37,"413061,110.780"
2025-10-21 20:07:37,"413162,110.769"
2025-10-21 20:07:37,"413263,110.777"
2025-10-21 20:07:38,"413364,110.767"
2025-10-21 20:07:38,"413465,110.771"
2025-10-21 20:07:38,"413566,110.769"
2025-10-21 20:07:38,"413667,110.765"
2025-10-21 20:07:38,"413768,110.765"
2025-10-21 20:07:38,"413869,110.767"
2025-10-21 20:07:38,"413970,110.767"
2025-10-21 20:07:38,"414071,110.767"
2025-10-21 20:07:38,"414172,110.777"
2025-10-21 20:07:38,"414273,110.780"
2025-10-21 20:07:39,"414374,110.780"
2025-10-21 20:07:39,"414475,110.782"
2025-10-21 20:07:39,"414576,110.784"
2025-10-21 20:07:39,"414677,110.782"
2025-10-21 20:07:39,"414778,110.780"
2025-10-21 20:07:39,"414879,110.769"
2025-10-21 20:07:39,"414980,110.765"
2025-10-21 20:07:39,"415081,110.750"
2025-10-21 20:07:39,"415182,110.754"
2025-10-21 20:07:39,"415283,110.762"
2025-10-21 20:07:40,"415384,110.760"
2025-10-21 20:07:40,"415485,110.756"
2025-10-21 20:07:40,"415586,110.756"
2025-10-21 20:07:40,"415687,110.745"
2025-10-21 20:07:40,"415788,110.760"
2025-10-21 20:07:40,"415889,110.754"
2025-10-21 20:07:40,"415990,110.752"
2025-10-21 20:07:40,"416091,110.765"
2025-10-21 20:07:40,"416192,110.780"
2025-10-21 20:07:40,"416293,110.784"
2025-10-21 20:07:41,"416394,110.773"
2025-10-21 20:07:41,"416495,110.758"
2025-10-21 20:07:41,"416596,110.745"
2025-10-21 20:07:41,"416697,110.739"
2025-10-21 20:07:41,"416798,110.739"
2025-10-21 20:07:41,"416899,110.737"
2025-10-21 20:07:41,"417000,110.734"
2025-10-21 20:07:41,"417101,110.734"
2025-10-21 20:07:41,"417202,110.732"
2025-10-21 20:07:41,"417303,110.717"
2025-10-21 20:07:42,"417404,110.717"
2025-10-21 20:07:42,"417505,110.692"
2025-10-21 20:07:42,"417606,110.692"
2025-10-21 20:07:42,"417707,110.668"
2025-10-21 20:07:42,"417808,110.670"
2025-10-21 20:07:42,"417909,110.664"
2025-10-21 20:07:42,"418010,110.655"
2025-10-21 20:07:42,"418111,110.662"
2025-10-21 20:07:42,"418212,110.659"
2025-10-21 20:07:42,"418313,110.651"
2025-10-21 20:07:43,"418414,110.649"
2025-10-21 20:07:43,"418515,110.647"
2025-10-21 20:07:43,"418616,110.644"
2025-10-21 20:07:43,"418717,110.638"
2025-10-21 20:07:43,"418818,110.640"
2025-10-21 20:07:43,"418919,110.644"
2025-10-21 20:07:43,"419020,110.649"
2025-10-21 20:07:43,"419121,110.636"
2025-10-21 20:07:43,"419222,110.642"
2025-10-21 20:07:43,"419323,110.642"
2025-10-21 20:07:44,"419424,110.644"
2025-10-21 20:07:44,"419525,110.651"
2025-10-21 20:07:44,"419626,110.640"
2025-10-21 20:07:44,"419727,110.638"
2025-10-21 20:07:44,"419828,110.638"
2025-10-21 20:07:44,"419929,110.634"
2025-10-21 20:07:44,"420030,110.638"
2025-10-21 20:07:44,"420131,110.638"
2025-10-21 20:07:44,"420232,110.638"
2025-10-21 20:07:44,"420333,110.623"
2025-10-21 20:07:45,"420434,110.617"
2025-10-21 20:07:45,"420535,110.636"
2025-10-21 20:07:45,"420636,110.612"
2025-10-21 20:07:45,"420737,110.619"
2025-10-21 20:07:45,"420838,110.597"
2025-10-21 20:07:45,"420939,110.587"
2025-10-21 20:07:45,"421040,110.578"
2025-10-21 20:07:45,"421141,110.578"
2025-10-21 20:07:45,"421242,110.563"
2025-10-21 20:07:46,"421343,110.548"
2025-10-21 20:07:46,"421444,110.546"
2025-10-21 20:07:46,"421545,110.539"
2025-10-21 20:07:46,"421646,110.535"
2025-10-21 20:07:46,"421747,110.529"
2025-10-21 20:07:46,"421848,110.526"
2025-10-21 20:07:46,"421949,110.520"
2025-10-21 20:07:46,"422050,110.514"
2025-10-21 20:07:46,"422151,110.494"
2025-10-21 20:07:46,"422252,110.475"
2025-10-21 20:07:47,"422353,110.475"
2025-10-21 20:07:47,"422454,110.464"
2025-10-21 20:07:47,"422555,110.449"
2025-10-21 20:07:47,"422656,110.454"
2025-10-21 20:07:47,"422757,110.454"
2025-10-21 20:07:47,"422858,110.454"
2025-10-21 20:07:47,"422959,110.445"
2025-10-21 20:07:47,"423060,110.449"
2025-10-21 20:07:47,"423161,110.451"
2025-10-21 20:07:47,"423262,110.458"
2025-10-21 20:07:48,"423363,110.469"
2025-10-21 20:07:48,"423464,110.464"
2025-10-21 20:07:48,"423565,110.458"
2025-10-21 20:07:48,"423666,110.460"
2025-10-21 20:07:48,"423767,110.447"
2025-10-21 20:07:48,"423868,110.436"
2025-10-21 20:07:48,"423969,110.426"
2025-10-21 20:07:48,"424070,110.424"
2025-10-21 20:07:48,"424171,110.415"
2025-10-21 20:07:48,"424272,110.404"
2025-10-21 20:07:49,"424373,110.402"
2025-10-21 20:07:49,"424474,110.400"
2025-10-21 20:07:49,"424575,110.398"
2025-10-21 20:07:49,"424676,110.378"
2025-10-21 20:07:49,"424777,110.372"
2025-10-21 20:07:49,"424878,110.368"
2025-10-21 20:07:49,"424979,110.361"
2025-10-21 20:07:49,"425080,110.368"
2025-10-21 20:07:49,"425181,110.366"
2025-10-21 20:07:49,"425282,110.366"
2025-10-21 20:07:50,"425383,110.366"
2025-10-21 20:07:50,"425484,110.357"
2025-10-21 20:07:50,"425585,110.357"
2025-10-21 20:07:50,"425686,110.351"
2025-10-21 20:07:50,"425787,110.366"
2025-10-21 20:07:50,"425888,110.346"
2025-10-21 20:07:50,"425989,110.344"
2025-10-21 20:07:50,"426090,110.344"
2025-10-21 20:07:50,"426191,110.329"
2025-10-21 20:07:50,"426292,110.338"
2025-10-21 20:07:51,"426393,110.327"
2025-10-21 20:07:51,"426494,110.331"
2025-10-21 20:07:51,"426595,110.333"
2025-10-21 20:07:51,"426696,110.355"
2025-10-21 20:07:51,"426797,110.346"
2025-10-21 20:07:51,"426898,110.342"
2025-10-21 20:07:51,"426999,110.331"
2025-10-21 20:07:51,"427100,110.323"
2025-10-21 20:07:51,"427201,110.306"
2025-10-21 20:07:51,"427302,110.306"
2025-10-21 20:07:52,"427403,110.312"
2025-10-21 20:07:52,"427504,110.310"
2025-10-21 20:07:52,"427605,110.323"
2025-10-21 20:07:52,"427706,110.310"
2025-10-21 20:07:52,"427807,110.323"
2025-10-21 20:07:52,"427908,110.325"
2025-10-21 20:07:52,"428009,110.316"
2025-10-21 20:07:52,"428110,110.318"
2025-10-21 20:07:52,"428211,110.308"
2025-10-21 20:07:52,"428312,110.303"
2025-10-21 20:07:53,"428413,110.312"
2025-10-21 20:07:53,"428514,110.306"
2025-10-21 20:07:53,"428615,110.303"
2025-10-21 20:07:53,"428716,110.303"
2025-10-21 20:07:53,"428817,110.293"
2025-10-21 20:07:53,"428918,110.280"
2025-10-21 20:07:53,"429019,110.278"
2025-10-21 20:07:53,"429120,110.273"
2025-10-21 20:07:53,"429221,110.278"
2025-10-21 20:07:53,"429322,110.269"
2025-10-21 20:07:54,"429423,110.258"
2025-10-21 20:07:54,"429524,110.254"
2025-10-21 20:07:54,"429625,110.250"
2025-10-21 20:07:54,"429726,110.245"
2025-10-21 20:07:54,"429827,110.230"
2025-10-21 20:07:54,"429928,110.230"
2025-10-21 20:07:54,"430029,110.228"
2025-10-21 20:07:54,"430130,110.213"
2025-10-21 20:07:54,"430231,110.203"
2025-10-21 20:07:54,"430332,110.196"
2025-10-21 20:07:55,"430433,110.196"
2025-10-21 20:07:55,"430534,110.192"
2025-10-21 20:07:55,"430635,110.175"
2025-10-21 20:07:55,"430736,110.181"
2025-10-21 20:07:55,"430837,110.185"
2025-10-21 20:07:55,"430938,110.183"
2025-10-21 20:07:55,"431039,110.179"
2025-10-21 20:07:55,"431140,110.175"
2025-10-21 20:07:55,"431241,110.175"
2025-10-21 20:07:56,"431342,110.185"
2025-10-21 20:07:56,"431443,110.200"
2025-10-21 20:07:56,"431544,110.203"
2025-10-21 20:07:56,"431645,110.200"
2025-10-21 20:07:56,"431746,110.203"
2025-10-21 20:07:56,"431847,110.198"
2025-10-21 20:07:56,"431948,110.213"
2025-10-21 20:07:56,"432049,110.211"
2025-10-21 20:07:56,"432150,110.215"
2025-10-21 20:07:56,"432251,110.218"
2025-10-21 20:07:57,"432352,110.218"
2025-10-21 20:07:57,"432453,110.218"
2025-10-21 20:07:57,"432554,110.224"
2025-10-21 20:07:57,"432655,110.228"
2025-10-21 20:07:57,"432756,110.218"
2025-10-21 20:07:57,"432857,110.233"
2025-10-21 20:07:57,"432958,110.224"
2025-10-21 20:07:57,"433059,110.224"
2025-10-21 20:07:57,"433160,110.213"
2025-10-21 20:07:57,"433261,110.207"
2025-10-21 20:07:58,"433362,110.200"
2025-10-21 20:07:58,"433463,110.177"
2025-10-21 20:07:58,"433564,110.170"
2025-10-21 20:07:58,"433665,110.162"
2025-10-21 20:07:58,"433766,110.147"
2025-10-21 20:07:58,"433867,110.153"
2025-10-21 20:07:58,"433968,110.158"
2025-10-21 20:07:58,"434069,110.168"
2025-10-21 20:07:58,"434170,110.164"
2025-10-21 20:07:58,"434271,110.164"
2025-10-21 20:07:59,"434372,110.160"
2025-10-21 20:07:59,"434473,110.158"
2025-10-21 20:07:59,"434574,110.168"
2025-10-21 20:07:59,"434675,110.158"
2025-10-21 20:07:59,"434776,110.170"
2025-10-21 20:07:59,"434877,110.168"
2025-10-21 20:07:59,"434978,110.166"
2025-10-21 20:07:59,"435079,110.170"
2025-10-21 20:07:59,"435180,110.153"
2025-10-21 20:07:59,"435281,110.153"
2025-10-21 20:08:00,"435382,110.149"
2025-10-21 20:08:00,"435483,110.132"
2025-10-21 20:08:00,"435584,110.132"
2025-10-21 20:08:00,"435685,110.128"
2025-10-21 20:08:00,"435786,110.132"
2025-10-21 20:08:00,"435887,110.119"
2025-10-21 20:08:00,"435988,110.117"
2025-10-21 20:08:00,"436089,110.119"
2025-10-21 20:08:00,"436190,110.110"
2025-10-21 20:08:00,"436291,110.123"
2025-10-21 20:08:01,"436392,110.100"
2025-10-21 20:08:01,"436493,110.102"
2025-10-21 20:08:01,"436594,110.100"
2025-10-21 20:08:01,"436695,110.106"
2025-10-21 20:08:01,"436796,110.087"
2025-10-21 20:08:01,"436897,110.085"
2025-10-21 20:08:01,"436998,110.087"
2025-10-21 20:08:01,"437099,110.089"
2025-10-21 20:08:01,"437200,110.093"
2025-10-21 20:08:01,"437301,110.102"
2025-10-21 20:08:02,"437402,110.097"
2025-10-21 20:08:02,"437503,110.100"
2025-10-21 20:08:02,"437604,110.100"
2025-10-21 20:08:02,"437705,110.104"
2025-10-21 20:08:02,"437806,110.106"
2025-10-21 20:08:02,"437907,110.097"
2025-10-21 20:08:02,"438008,110.091"
2025-10-21 20:08:02,"438109,110.093"
2025-10-21 20:08:02,"438210,110.095"
2025-10-21 20:08:02,"438311,110.104"
2025-10-21 20:08:03,"438412,110.097"
2025-10-21 20:08:03,"438513,110.085"
2025-10-21 20:08:03,"438614,110.085"
2025-10-21 20:08:03,"438715,110.085"
2025-10-21 20:08:03,"438816,110.076"
2025-10-21 20:08:03,"438917,110.078"
2025-10-21 20:08:03,"439018,110.080"
2025-10-21 20:08:03,"439119,110.082"
2025-10-21 20:08:03,"439220,110.082"
2025-10-21 20:08:03,"439321,110.089"
2025-10-21 20:08:04,"439422,110.097"
2025-10-21 20:08:04,"439523,110.102"
2025-10-21 20:08:04,"439624,110.093"
2025-10-21 20:08:04,"439725,110.087"
2025-10-21 20:08:04,"439826,110.082"
2025-10-21 20:08:04,"439927,110.093"
2025-10-21 20:08:04,"440028,110.080"
2025-10-21 20:08:04,"440129,110.072"
2025-10-21 20:08:04,"440230,110.076"
2025-10-21 20:08:04,"440331,110.087"
2025-10-21 20:08:05,"440432,110.082"
2025-10-21 20:08:05,"440533,110.080"
2025-10-21 20:08:05,"440634,110.076"
2025-10-21 20:08:05,"440735,110.082"
2025-10-21 20:08:05,"440836,110.089"
2025-10-21 20:08:05,"440937,110.087"
2025-10-21 20:08:05,"441038,110.102"
2025-10-21 20:08:05,"441139,110.119"
2025-10-21 20:08:05,"441240,110.119"
2025-10-21 20:08:06,"441341,110.115"
2025-10-21 20:08:06,"441442,110.108"
2025-10-21 20:08:06,"441543,110.102"
2025-10-21 20:08:06,"441644,110.104"
2025-10-21 20:08:06,"441745,110.106"
2025-10-21 20:08:06,"441846,110.100"
2025-10-21 20:08:06,"441947,110.100"
2025-10-21 20:08:06,"442048,110.085"
2025-10-21 20:08:06,"442149,110.093"
2025-10-21 20:08:06,"442250,110.076"
2025-10-21 20:08:07,"442351,110.076"
2025-10-21 20:08:07,"442452,110.074"
2025-10-21 20:08:07,"442553,110.057"
2025-10-21 20:08:07,"442654,110.048"
2025-10-21 20:08:07,"442755,110.044"
2025-10-21 20:08:07,"442856,110.040"
2025-10-21 20:08:07,"442957,110.022"
2025-10-21 20:08:07,"443058,110.027"
2025-10-21 20:08:07,"443159,110.025"
2025-10-21 20:08:07,"443260,110.027"
2025-10-21 20:08:08,"443361,110.027"
2025-10-21 20:08:08,"443462,110.025"
2025-10-21 20:08:08,"443563,110.025"
2025-10-21 20:08:08,"443664,110.029"
2025-10-21 20:08:08,"443765,110.022"
2025-10-21 20:08:08,"443866,110.033"
2025-10-21 20:08:08,"443967,110.031"
2025-10-21 20:08:08,"444068,110.037"
2025-10-21 20:08:08,"444169,110.042"
2025-10-21 20:08:08,"444270,110.044"
2025-10-21 20:08:09,"444371,110.042"
2025-10-21 20:08:09,"444472,110.044"
2025-10-21 20:08:09,"444573,110.048"
2025-10-21 20:08:09,"444674,110.031"
2025-10-21 20:08:09,"444775,110.031"
2025-10-21 20:08:09,"444876,110.025"
2025-10-21 20:08:09,"444977,110.018"
2025-10-21 20:08:09,"445078,110.020"
2025-10-21 20:08:09,"445179,110.018"
2025-10-21 20:08:09,"445280,110.027"
2025-10-21 20:08:10,"445381,110.018"
2025-10-21 20:08:10,"445482,110.014"
2025-10-21 20:08:10,"445583,110.025"
2025-10-21 20:08:10,"445684,110.035"
2025-10-21 20:08:10,"445785,110.020"
2025-10-21 20:08:10,"445886,110.012"
2025-10-21 20:08:10,"445987,110.014"
2025-10-21 20:08:10,"446088,110.022"
2025-10-21 20:08:10,"446189,110.022"
2025-10-21 20:08:10,"446290,110.031"
2025-10-21 20:08:11,"446391,110.027"
2025-10-21 20:08:11,"446492,110.029"
2025-10-21 20:08:11,"446593,110.029"
2025-10-21 20:08:11,"446694,110.033"
2025-10-21 20:08:11,"446795,110.033"
2025-10-21 20:08:11,"446896,110.046"
2025-10-21 20:08:11,"446997,110.055"
2025-10-21 20:08:11,"447098,110.059"
2025-10-21 20:08:11,"447199,110.059"
2025-10-21 20:08:11,"447300,110.046"
2025-10-21 20:08:12,"447401,110.044"
2025-10-21 20:08:12,"447502,110.037"
2025-10-21 20:08:12,"447603,110.035"
2025-10-21 20:08:12,"447704,110.037"
2025-10-21 20:08:12,"447805,110.020"
2025-10-21 20:08:12,"447906,110.016"
2025-10-21 20:08:12,"448007,110.020"
2025-10-21 20:08:12,"448108,110.022"
2025-10-21 20:08:12,"448209,110.027"
2025-10-21 20:08:12,"448310,110.022"
2025-10-21 20:08:13,"448411,110.014"
2025-10-21 20:08:13,"448512,110.022"
2025-10-21 20:08:13,"448613,110.027"
2025-10-21 20:08:13,"448714,110.025"
2025-10-21 20:08:13,"448815,110.027"
2025-10-21 20:08:13,"448916,110.035"
2025-10-21 20:08:13,"449017,110.044"
2025-10-21 20:08:13,"449118,110.048"
2025-10-21 20:08:13,"449219,110.052"
2025-10-21 20:08:13,"449320,110.042"
2025-10-21 20:08:14,"449421,110.037"
2025-10-21 20:08:14,"449522,110.029"
2025-10-21 20:08:14,"449623,110.027"
2025-10-21 20:08:14,"449724,110.035"
2025-10-21 20:08:14,"449825,110.035"
2025-10-21 20:08:14,"449926,110.042"
2025-10-21 20:08:14,"450027,110.031"
2025-10-21 20:08:14,"450128,110.025"
2025-10-21 20:08:14,"450229,110.018"
2025-10-21 20:08:14,"450330,110.014"
2025-10-21 20:08:15,"450431,110.007"
2025-10-21 20:08:15,"450532,110.005"
2025-10-21 20:08:15,"450633,110.003"
2025-10-21 20:08:15,"450734,110.014"
2025-10-21 20:08:15,"450835,110.010"
2025-10-21 20:08:15,"450936,110.005"
2025-10-21 20:08:15,"451037,109.999"
2025-10-21 20:08:15,"451138,109.990"
2025-10-21 20:08:15,"451239,109.980"
2025-10-21 20:08:16,"451340,109.980"
2025-10-21 20:08:16,"451441,109.990"
2025-10-21 20:08:16,"451542,109.990"
2025-10-21 20:08:16,"451643,109.990"
2025-10-21 20:08:16,"451744,109.988"
2025-10-21 20:08:16,"451845,109.984"
2025-10-21 20:08:16,"451946,109.984"
2025-10-21 20:08:16,"452047,109.984"
2025-10-21 20:08:16,"452148,109.975"
2025-10-21 20:08:16,"452249,109.965"
2025-10-21 20:08:17,"452350,109.969"
2025-10-21 20:08:17,"452451,109.975"
2025-10-21 20:08:17,"452552,109.975"
2025-10-21 20:08:17,"452653,109.977"
2025-10-21 20:08:17,"452754,109.984"
2025-10-21 20:08:17,"452855,109.982"
2025-10-21 20:08:17,"452956,109.977"
2025-10-21 20:08:17,"453057,109.975"
2025-10-21 20:08:17,"453158,109.969"
2025-10-21 20:08:17,"453259,109.971"
2025-10-21 20:08:18,"453360,109.967"
2025-10-21 20:08:18,"453461,109.965"
2025-10-21 20:08:18,"453562,109.967"
2025-10-21 20:08:18,"453663,109.962"
2025-10-21 20:08:18,"453764,109.958"
2025-10-21 20:08:18,"453865,109.962"
2025-10-21 20:08:18,"453966,109.947"
2025-10-21 20:08:18,"454067,109.947"
2025-10-21 20:08:18,"454168,109.934"
2025-10-21 20:08:18,"454269,109.924"
2025-10-21 20:08:19,"454370,109.917"
2025-10-21 20:08:19,"454471,109.917"
2025-10-21 20:08:19,"454572,109.911"
2025-10-21 20:08:19,"454673,109.907"
2025-10-21 20:08:19,"454774,109.915"
2025-10-21 20:08:19,"454875,109.911"
2025-10-21 20:08:19,"454976,109.904"
2025-10-21 20:08:19,"455077,109.904"
2025-10-21 20:08:19,"455178,109.892"
2025-10-21 20:08:19,"455279,109.892"
2025-10-21 20:08:20,"455380,109.883"
2025-10-21 20:08:20,"455481,109.883"
2025-10-21 20:08:20,"455582,109.887"
2025-10-21 20:08:20,"455683,109.877"
2025-10-21 20:08:20,"455784,109.859"
2025-10-21 20:08:20,"455885,109.859"
2025-10-21 20:08:20,"455986,109.857"
2025-10-21 20:08:20,"456087,109.853"
2025-10-21 20:08:20,"456188,109.847"
2025-10-21 20:08:20,"456289,109.838"
2025-10-21 20:08:21,"456390,109.819"
2025-10-21 20:08:21,"456491,109.812"
2025-10-21 20:08:21,"456592,109.806"
2025-10-21 20:08:21,"456693,109.793"
2025-10-21 20:08:21,"456794,109.780"
2025-10-21 20:08:21,"456895,109.765"
2025-10-21 20:08:21,"456996,109.756"
2025-10-21 20:08:21,"457097,109.756"
2025-10-21 20:08:21,"457198,109.744"
2025-10-21 20:08:21,"457299,109.741"
2025-10-21 20:08:22,"457400,109.744"
2025-10-21 20:08:22,"457501,109.746"
2025-10-21 20:08:22,"457602,109.750"
2025-10-21 20:08:22,"457703,109.750"
2025-10-21 20:08:22,"457804,109.744"
2025-10-21 20:08:22,"457905,109.754"
2025-10-21 20:08:22,"458006,109.759"
2025-10-21 20:08:22,"458107,109.763"
2025-10-21 20:08:22,"458208,109.754"
2025-10-21 20:08:22,"458309,109.767"
2025-10-21 20:08:23,"458410,109.771"
2025-10-21 20:08:23,"458511,109.765"
2025-10-21 20:08:23,"458612,109.763"
2025-10-21 20:08:23,"458713,109.759"
2025-10-21 20:08:23,"458814,109.754"
2025-10-21 20:08:23,"458915,109.744"
2025-10-21 20:08:23,"459016,109.737"
2025-10-21 20:08:23,"459117,109.709"
2025-10-21 20:08:23,"459218,109.694"
2025-10-21 20:08:23,"459319,109.679"
2025-10-21 20:08:24,"459420,109.681"
2025-10-21 20:08:24,"459521,109.681"
2025-10-21 20:08:24,"459622,109.675"
2025-10-21 20:08:24,"459723,109.675"
2025-10-21 20:08:24,"459824,109.671"
2025-10-21 20:08:24,"459925,109.666"
2025-10-21 20:08:24,"460026,109.664"
2025-10-21 20:08:24,"460127,109.671"
2025-10-21 20:08:24,"460228,109.677"
2025-10-21 20:08:24,"460329,109.675"
2025-10-21 20:08:25,"460430,109.669"
2025-10-21 20:08:25,"460531,109.664"
2025-10-21 20:08:25,"460632,109.664"
2025-10-21 20:08:25,"460733,109.666"
2025-10-21 20:08:25,"460834,109.671"
2025-10-21 20:08:25,"460935,109.669"
2025-10-21 20:08:25,"461036,109.671"
2025-10-21 20:08:25,"461137,109.686"
2025-10-21 20:08:25,"461238,109.673"
2025-10-21 20:08:26,"461339,109.673"
2025-10-21 20:08:26,"461440,109.666"
2025-10-21 20:08:26,"461541,109.653"
2025-10-21 20:08:26,"461642,109.643"
2025-10-21 20:08:26,"461743,109.630"
2025-10-21 20:08:26,"461844,109.621"
2025-10-21 20:08:26,"461945,109.615"
2025-10-21 20:08:26,"462046,109.608"
2025-10-21 20:08:26,"462147,109.615"
2025-10-21 20:08:26,"462248,109.615"
2025-10-21 20:08:27,"462349,109.608"
2025-10-21 20:08:27,"462450,109.611"
2025-10-21 20:08:27,"462551,109.602"
2025-10-21 20:08:27,"462652,109.600"
2025-10-21 20:08:27,"462753,109.604"
2025-10-21 20:08:27,"462854,109.606"
2025-10-21 20:08:27,"462955,109.608"
2025-10-21 20:08:27,"463056,109.608"
2025-10-21 20:08:27,"463157,109.615"
2025-10-21 20:08:27,"463258,109.615"
2025-10-21 20:08:28,"463359,109.606"
2025-10-21 20:08:28,"463460,109.608"
2025-10-21 20:08:28,"463561,109.606"
2025-10-21 20:08:28,"463662,109.596"
2025-10-21 20:08:28,"463763,109.602"
2025-10-21 20:08:28,"463864,109.604"
2025-10-21 20:08:28,"463965,109.598"
2025-10-21 20:08:28,"464066,109.606"
2025-10-21 20:08:28,"464167,109.611"
2025-10-21 20:08:28,"464268,109.615"
2025-10-21 20:08:29,"464369,109.615"
2025-10-21 20:08:29,"464470,109.617"
2025-10-21 20:08:29,"464571,109.608"
2025-10-21 20:08:29,"464672,109.615"
2025-10-21 20:08:29,"464773,109.606"
2025-10-21 20:08:29,"464874,109.608"
2025-10-21 20:08:29,"464975,109.613"
2025-10-21 20:08:29,"465076,109.621"
2025-10-21 20:08:29,"465177,109.619"
2025-10-21 20:08:29,"465278,109.628"
2025-10-21 20:08:30,"465379,109.632"
2025-10-21 20:08:30,"465480,109.641"
2025-10-21 20:08:30,"465581,109.641"
2025-10-21 20:08:30,"465682,109.636"
2025-10-21 20:08:30,"465783,109.634"
2025-10-21 20:08:30,"465884,109.639"
2025-10-21 20:08:30,"465985,109.649"
2025-10-21 20:08:30,"466086,109.666"
2025-10-21 20:08:30,"466187,109.677"
2025-10-21 20:08:30,"466288,109.675"
2025-10-21 20:08:31,"466389,109.679"
2025-10-21 20:08:31,"466490,109.671"
2025-10-21 20:08:31,"466591,109.673"
2025-10-21 20:08:31,"466692,109.673"
2025-10-21 20:08:31,"466793,109.679"
2025-10-21 20:08:31,"466894,109.688"
2025-10-21 20:08:31,"466995,109.696"
2025-10-21 20:08:31,"467096,109.686"
2025-10-21 20:08:31,"467197,109.681"
2025-10-21 20:08:31,"467298,109.688"
2025-10-21 20:08:32,"467399,109.696"
2025-10-21 20:08:32,"467500,109.694"
2025-10-21 20:08:32,"467601,109.696"
2025-10-21 20:08:32,"467702,109.699"
2025-10-21 20:08:32,"467803,109.696"
2025-10-21 20:08:32,"467904,109.703"
2025-10-21 20:08:32,"468005,109.701"
2025-10-21 20:08:32,"468106,109.703"
2025-10-21 20:08:32,"468207,109.703"
2025-10-21 20:08:32,"468308,109.709"
2025-10-21 20:08:33,"468409,109.694"
2025-10-21 20:08:33,"468510,109.690"
2025-10-21 20:08:33,"468611,109.690"
2025-10-21 20:08:33,"468712,109.692"
2025-10-21 20:08:33,"468813,109.688"
2025-10-21 20:08:33,"468914,109.686"
2025-10-21 20:08:33,"469015,109.690"
2025-10-21 20:08:33,"469116,109.692"
2025-10-21 20:08:33,"469217,109.711"
2025-10-21 20:08:33,"469318,109.720"
2025-10-21 20:08:34,"469419,109.722"
2025-10-21 20:08:34,"469520,109.724"
2025-10-21 20:08:34,"469621,109.724"
2025-10-21 20:08:34,"469722,109.733"
2025-10-21 20:08:34,"469823,109.726"
2025-10-21 20:08:34,"469924,109.739"
2025-10-21 20:08:34,"470025,109.741"
2025-10-21 20:08:34,"470126,109.739"
2025-10-21 20:08:34,"470227,109.741"
2025-10-21 20:08:34,"470328,109.741"
2025-10-21 20:08:35,"470429,109.748"
2025-10-21 20:08:35,"470530,109.756"
2025-10-21 20:08:35,"470631,109.750"
2025-10-21 20:08:35,"470732,109.744"
2025-10-21 20:08:35,"470833,109.739"
2025-10-21 20:08:35,"470934,109.739"
2025-10-21 20:08:35,"471035,109.739"
2025-10-21 20:08:35,"471136,109.729"
2025-10-21 20:08:35,"471237,109.716"
2025-10-21 20:08:36,"471338,109.720"
2025-10-21 20:08:36,"471439,109.714"
2025-10-21 20:08:36,"471540,109.726"
2025-10-21 20:08:36,"471641,109.733"
2025-10-21 20:08:36,"471742,109.739"
2025-10-21 20:08:36,"471843,109.741"
2025-10-21 20:08:36,"471944,109.737"
2025-10-21 20:08:36,"472045,109.741"
2025-10-21 20:08:36,"472146,109.744"
2025-10-21 20:08:36,"472247,109.741"
2025-10-21 20:08:37,"472348,109.748"
2025-10-21 20:08:37,"472449,109.756"
2025-10-21 20:08:37,"472550,109.752"
2025-10-21 20:08:37,"472651,109.752"
2025-10-21 20:08:37,"472752,109.746"
2025-10-21 20:08:37,"472853,109.737"
2025-10-21 20:08:37,"472954,109.724"
2025-10-21 20:08:37,"473055,109.720"
2025-10-21 20:08:37,"473156,109.722"
2025-10-21 20:08:37,"473257,109.716"
2025-10-21 20:08:38,"473358,109.718"
2025-10-21 20:08:38,"473459,109.716"
2025-10-21 20:08:38,"473560,109.718"
2025-10-21 20:08:38,"473661,109.720"
2025-10-21 20:08:38,"473762,109.720"
2025-10-21 20:08:38,"473863,109.718"
2025-10-21 20:08:38,"473964,109.718"
2025-10-21 20:08:38,"474065,109.707"
2025-10-21 20:08:38,"474166,109.701"
2025-10-21 20:08:38,"474267,109.692"
2025-10-21 20:08:39,"474368,109.699"
2025-10-21 20:08:39,"474469,109.694"
2025-10-21 20:08:39,"474570,109.692"
2025-10-21 20:08:39,"474671,109.692"
2025-10-21 20:08:39,"474772,109.692"
2025-10-21 20:08:39,"474873,109.694"
2025-10-21 20:08:39,"474974,109.684"
2025-10-21 20:08:39,"475075,109.690"
2025-10-21 20:08:39,"475176,109.688"
2025-10-21 20:08:39,"475277,109.694"
2025-10-21 20:08:40,"475378,109.686"
2025-10-21 20:08:40,"475479,109.686"
2025-10-21 20:08:40,"475580,109.684"
2025-10-21 20:08:40,"475681,109.690"
2025-10-21 20:08:40,"475782,109.688"
2025-10-21 20:08:40,"475883,109.692"
2025-10-21 20:08:40,"475984,109.696"
2025-10-21 20:08:40,"476085,109.694"
2025-10-21 20:08:40,"476186,109.683"
2025-10-21 20:08:40,"476287,109.683"
2025-10-21 20:08:41,"476388,109.681"
2025-10-21 20:08:41,"476489,109.675"
2025-10-21 20:08:41,"476590,109.686"
2025-10-21 20:08:41,"476691,109.690"
2025-10-21 20:08:41,"476792,109.694"
2025-10-21 20:08:41,"476893,109.694"
2025-10-21 20:08:41,"476994,109.686"
2025-10-21 20:08:41,"477095,109.679"
2025-10-21 20:08:41,"477196,109.679"
2025-10-21 20:08:41,"477297,109.675"
2025-10-21 20:08:42,"477398,109.679"
2025-10-21 20:08:42,"477499,109.668"
2025-10-21 20:08:42,"477600,109.671"
2025-10-21 20:08:42,"477701,109.666"
2025-10-21 20:08:42,"477802,109.668"
2025-10-21 20:08:42,"477903,109.662"
2025-10-21 20:08:42,"478004,109.660"
2025-10-21 20:08:42,"478105,109.658"
2025-10-21 20:08:42,"478206,109.649"
2025-10-21 20:08:42,"478307,109.647"
2025-10-21 20:08:43,"478408,109.649"
2025-10-21 20:08:43,"478509,109.653"
2025-10-21 20:08:43,"478610,109.649"
2025-10-21 20:08:43,"478711,109.653"
2025-10-21 20:08:43,"478812,109.647"
2025-10-21 20:08:43,"478913,109.651"
2025-10-21 20:08:43,"479014,109.651"
2025-10-21 20:08:43,"479115,109.651"
2025-10-21 20:08:43,"479216,109.647"
2025-10-21 20:08:43,"479317,109.645"
2025-10-21 20:08:44,"479418,109.638"
2025-10-21 20:08:44,"479519,109.636"
2025-10-21 20:08:44,"479620,109.632"
2025-10-21 20:08:44,"479721,109.632"
2025-10-21 20:08:44,"479822,109.628"
2025-10-21 20:08:44,"479923,109.626"
2025-10-21 20:08:44,"480024,109.615"
2025-10-21 20:08:44,"480125,109.611"
2025-10-21 20:08:44,"480226,109.611"
2025-10-21 20:08:44,"480327,109.608"
2025-10-21 20:08:45,"480428,109.604"
2025-10-21 20:08:45,"480529,109.602"
2025-10-21 20:08:45,"480630,109.591"
2025-10-21 20:08:45,"480731,109.593"
2025-10-21 20:08:45,"480832,109.596"
2025-10-21 20:08:45,"480933,109.600"
2025-10-21 20:08:45,"481034,109.583"
2025-10-21 20:08:45,"481135,109.583"
2025-10-21 20:08:45,"481236,109.596"
2025-10-21 20:08:46,"481337,109.591"
2025-10-21 20:08:46,"481438,109.591"
2025-10-21 20:08:46,"481539,109.598"
2025-10-21 20:08:46,"481640,109.589"
2025-10-21 20:08:46,"481741,109.576"
2025-10-21 20:08:46,"481842,109.574"
2025-10-21 20:08:46,"481943,109.576"
2025-10-21 20:08:46,"482044,109.585"
2025-10-21 20:08:46,"482145,109.585"
2025-10-21 20:08:46,"482246,109.600"
2025-10-21 20:08:47,"482347,109.604"
2025-10-21 20:08:47,"482448,109.608"
2025-10-21 20:08:47,"482549,109.598"
2025-10-21 20:08:47,"482650,109.600"
2025-10-21 20:08:47,"482751,109.589"
2025-10-21 20:08:47,"482852,109.593"
2025-10-21 20:08:47,"482953,109.598"
2025-10-21 20:08:47,"483054,109.598"
2025-10-21 20:08:47,"483155,109.593"
2025-10-21 20:08:47,"483256,109.593"
2025-10-21 20:08:48,"483357,109.596"
2025-10-21 20:08:48,"483458,109.589"
2025-10-21 20:08:48,"483559,109.596"
2025-10-21 20:08:48,"483660,109.593"
2025-10-21 20:08:48,"483761,109.593"
2025-10-21 20:08:48,"483862,109.598"
2025-10-21 20:08:48,"483963,109.596"
2025-10-21 20:08:48,"484064,109.593"
2025-10-21 20:08:48,"484165,109.608"
2025-10-21 20:08:48,"484266,109.608"
2025-10-21 20:08:49,"484367,109.611"
2025-10-21 20:08:49,"484468,109.600"
2025-10-21 20:08:49,"484569,109.600"
2025-10-21 20:08:49,"484670,109.613"
2025-10-21 20:08:49,"484771,109.615"
2025-10-21 20:08:49,"484872,109.611"
2025-10-21 20:08:49,"484973,109.608"
2025-10-21 20:08:49,"485074,109.611"
2025-10-21 20:08:49,"485175,109.602"
2025-10-21 20:08:49,"485276,109.598"
2025-10-21 20:08:50,"485377,109.598"
2025-10-21 20:08:50,"485478,109.598"
2025-10-21 20:08:50,"485579,109.591"
2025-10-21 20:08:50,"485680,109.585"
2025-10-21 20:08:50,"485781,109.572"
2025-10-21 20:08:50,"485882,109.572"
2025-10-21 20:08:50,"485983,109.574"
2025-10-21 20:08:50,"486084,109.563"
2025-10-21 20:08:50,"486185,109.563"
2025-10-21 20:08:50,"486286,109.566"
2025-10-21 20:08:51,"486387,109.561"
2025-10-21 20:08:51,"486488,109.561"
2025-10-21 20:08:51,"486589,109.563"
2025-10-21 20:08:51,"486690,109.568"
2025-10-21 20:08:51,"486791,109.557"
2025-10-21 20:08:51,"486892,109.561"
2025-10-21 20:08:51,"486993,109.557"
2025-10-21 20:08:51,"487094,109.561"
2025-10-21 20:08:51,"487195,109.568"
2025-10-21 20:08:51,"487296,109.566"
2025-10-21 20:08:52,"487397,109.572"
2025-10-21 20:08:52,"487498,109.563"
2025-10-21 20:08:52,"487599,109.566"
2025-10-21 20:08:52,"487700,109.563"
2025-10-21 20:08:52,"487801,109.561"
2025-10-21 20:08:52,"487902,109.553"
2025-10-21 20:08:52,"488003,109.555"
2025-10-21 20:08:52,"488104,109.546"
2025-10-21 20:08:52,"488205,109.544"
2025-10-21 20:08:52,"488306,109.551"
2025-10-21 20:08:53,"488407,109.544"
2025-10-21 20:08:53,"488508,109.536"
2025-10-21 20:08:53,"488609,109.523"
2025-10-21 20:08:53,"488710,109.523"
2025-10-21 20:08:53,"488811,109.525"
2025-10-21 20:08:53,"488912,109.533"
2025-10-21 20:08:53,"489013,109.533"
2025-10-21 20:08:53,"489114,109.531"
2025-10-21 20:08:53,"489215,109.531"
2025-10-21 20:08:53,"489316,109.531"
2025-10-21 20:08:54,"489417,109.525"
2025-10-21 20:08:54,"489518,109.523"
2025-10-21 20:08:54,"489619,109.523"
2025-10-21 20:08:54,"489720,109.533"
2025-10-21 20:08:54,"489821,109.527"
2025-10-21 20:08:54,"489922,109.525"
2025-10-21 20:08:54,"490023,109.523"
2025-10-21 20:08:54,"490124,109.516"
2025-10-21 20:08:54,"490225,109.518"
2025-10-21 20:08:54,"490326,109.518"
2025-10-21 20:08:55,"490427,109.516"
2025-10-21 20:08:55,"490528,109.514"
2025-10-21 20:08:55,"490629,109.514"
2025-10-21 20:08:55,"490730,109.514"
2025-10-21 20:08:55,"490831,109.514"
2025-10-21 20:08:55,"490932,109.512"
2025-10-21 20:08:55,"491033,109.506"
2025-10-21 20:08:55,"491134,109.506"
2025-10-21 20:08:55,"491235,109.506"
2025-10-21 20:08:56,"491336,109.495"
2025-10-21 20:08:56,"491437,109.503"
2025-10-21 20:08:56,"491538,109.503"
2025-10-21 20:08:56,"491639,109.508"
2025-10-21 20:08:56,"491740,109.512"
2025-10-21 20:08:56,"491841,109.514"
2025-10-21 20:08:56,"491942,109.514"
2025-10-21 20:08:56,"492043,109.514"
2025-10-21 20:08:56,"492144,109.518"
2025-10-21 20:08:56,"492245,109.516"
2025-10-21 20:08:57,"492346,109.499"
2025-10-21 20:08:57,"492447,109.495"
2025-10-21 20:08:57,"492548,109.484"
2025-10-21 20:08:57,"492649,109.486"
2025-10-21 20:08:57,"492750,109.482"
2025-10-21 20:08:57,"492851,109.503"
2025-10-21 20:08:57,"492952,109.501"
2025-10-21 20:08:57,"493053,109.501"
2025-10-21 20:08:57,"493154,109.514"
2025-10-21 20:08:57,"493255,109.523"
2025-10-21 20:08:58,"493356,109.514"
2025-10-21 20:08:58,"493457,109.510"
2025-10-21 20:08:58,"493558,109.525"
2025-10-21 20:08:58,"493659,109.516"
2025-10-21 20:08:58,"493760,109.512"
2025-10-21 20:08:58,"493861,109.499"
2025-10-21 20:08:58,"493962,109.497"
2025-10-21 20:08:58,"494063,109.497"
2025-10-21 20:08:58,"494164,109.490"
2025-10-21 20:08:58,"494265,109.486"
2025-10-21 20:08:59,"494366,109.480"
2025-10-21 20:08:59,"494467,109.475"
2025-10-21 20:08:59,"494568,109.475"
2025-10-21 20:08:59,"494669,109.480"
2025-10-21 20:08:59,"494770,109.467"
2025-10-21 20:08:59,"494871,109.471"
2025-10-21 20:08:59,"494972,109.469"
2025-10-21 20:08:59,"495073,109.469"
2025-10-21 20:08:59,"495174,109.467"
2025-10-21 20:08:59,"495275,109.465"
2025-10-21 20:09:00,"495376,109.463"
2025-10-21 20:09:00,"495477,109.448"
2025-10-21 20:09:00,"495578,109.456"
2025-10-21 20:09:00,"495679,109.456"
2025-10-21 20:09:00,"495780,109.460"
2025-10-21 20:09:00,"495881,109.467"
2025-10-21 20:09:00,"495982,109.465"
2025-10-21 20:09:00,"496083,109.458"
2025-10-21 20:09:00,"496184,109.460"
2025-10-21 20:09:00,"496285,109.456"
2025-10-21 20:09:01,"496386,109.454"
2025-10-21 20:09:01,"496487,109.454"
2025-10-21 20:09:01,"496588,109.460"
2025-10-21 20:09:01,"496689,109.456"
2025-10-21 20:09:01,"496790,109.454"
2025-10-21 20:09:01,"496891,109.456"
2025-10-21 20:09:01,"496992,109.443"
2025-10-21 20:09:01,"497093,109.441"
2025-10-21 20:09:01,"497194,109.435"
2025-10-21 20:09:01,"497295,109.428"
2025-10-21 20:09:02,"497396,109.433"
2025-10-21 20:09:02,"497497,109.430"
2025-10-21 20:09:02,"497598,109.426"
2025-10-21 20:09:02,"497699,109.418"
2025-10-21 20:09:02,"497800,109.418"
2025-10-21 20:09:02,"497901,109.411"
2025-10-21 20:09:02,"498002,109.409"
2025-10-21 20:09:02,"498103,109.413"
2025-10-21 20:09:02,"498204,109.415"
2025-10-21 20:09:02,"498305,109.413"
2025-10-21 20:09:03,"498406,109.407"
2025-10-21 20:09:03,"498507,109.411"
2025-10-21 20:09:03,"498608,109.411"
2025-10-21 20:09:03,"498709,109.403"
2025-10-21 20:09:03,"498810,109.411"
2025-10-21 20:09:03,"498911,109.403"
2025-10-21 20:09:03,"499012,109.392"
2025-10-21 20:09:03,"499113,109.388"
2025-10-21 20:09:03,"499214,109.388"
2025-10-21 20:09:03,"499315,109.383"
2025-10-21 20:09:04,"499416,109.383"
2025-10-21 20:09:04,"499517,109.381"
2025-10-21 20:09:04,"499618,109.385"
2025-10-21 20:09:04,"499719,109.385"
2025-10-21 20:09:04,"499820,109.377"
2025-10-21 20:09:04,"499921,109.377"
2025-10-21 20:09:04,"500022,109.377"
2025-10-21 20:09:04,"500123,109.379"
2025-10-21 20:09:04,"500224,109.377"
2025-10-21 20:09:04,"500325,109.373"
2025-10-21 20:09:05,"500426,109.370"
2025-10-21 20:09:05,"500527,109.364"
2025-10-21 20:09:05,"500628,109.364"
2025-10-21 20:09:05,"500729,109.364"
2025-10-21 20:09:05,"500830,109.364"
2025-10-21 20:09:05,"500931,109.360"
2025-10-21 20:09:05,"501032,109.360"
2025-10-21 20:09:05,"501133,109.358"
2025-10-21 20:09:05,"501234,109.358"
2025-10-21 20:09:05,"501335,109.351"
2025-10-21 20:09:06,"501436,109.349"
2025-10-21 20:09:06,"501537,109.340"
2025-10-21 20:09:06,"501638,109.338"
2025-10-21 20:09:06,"501739,109.325"
2025-10-21 20:09:06,"501840,109.325"
2025-10-21 20:09:06,"501941,109.323"
2025-10-21 20:09:06,"502042,109.321"
2025-10-21 20:09:06,"502143,109.317"
2025-10-21 20:09:06,"502244,109.306"
2025-10-21 20:09:07,"502345,109.304"
2025-10-21 20:09:07,"502446,109.304"
2025-10-21 20:09:07,"502547,109.304"
2025-10-21 20:09:07,"502648,109.304"
2025-10-21 20:09:07,"502749,109.304"
2025-10-21 20:09:07,"502850,109.304"
2025-10-21 20:09:07,"502951,109.291"
2025-10-21 20:09:07,"503052,109.291"
2025-10-21 20:09:07,"503153,109.287"
2025-10-21 20:09:07,"503254,109.274"
2025-10-21 20:09:08,"503355,109.267"
2025-10-21 20:09:08,"503456,109.272"
2025-10-21 20:09:08,"503557,109.270"
2025-10-21 20:09:08,"503658,109.257"
2025-10-21 20:09:08,"503759,109.259"
2025-10-21 20:09:08,"503860,109.261"
2025-10-21 20:09:08,"503961,109.263"
2025-10-21 20:09:08,"504062,109.261"
2025-10-21 20:09:08,"504163,109.263"
2025-10-21 20:09:08,"504264,109.263"
2025-10-21 20:09:09,"504365,109.263"
2025-10-21 20:09:09,"504466,109.270"
2025-10-21 20:09:09,"504567,109.272"
2025-10-21 20:09:09,"504668,109.272"
2025-10-21 20:09:09,"504769,109.265"
2025-10-21 20:09:09,"504870,109.274"
2025-10-21 20:09:09,"504971,109.267"
2025-10-21 20:09:09,"505072,109.265"
2025-10-21 20:09:09,"505173,109.265"
2025-10-21 20:09:09,"505274,109.276"
2025-10-21 20:09:10,"505375,109.282"
2025-10-21 20:09:10,"505476,109.282"
2025-10-21 20:09:10,"505577,109.291"
2025-10-21 20:09:10,"505678,109.289"
2025-10-21 20:09:10,"505779,109.287"
2025-10-21 20:09:10,"505880,109.282"
2025-10-21 20:09:10,"505981,109.287"
2025-10-21 20:09:10,"506082,109.287"
2025-10-21 20:09:10,"506183,109.285"
2025-10-21 20:09:10,"506284,109.282"
2025-10-21 20:09:11,"506385,109.278"
2025-10-21 20:09:11,"506486,109.272"
2025-10-21 20:09:11,"506587,109.267"
2025-10-21 20:09:11,"506688,109.261"
2025-10-21 20:09:11,"506789,109.263"
2025-10-21 20:09:11,"506890,109.265"
2025-10-21 20:09:11,"506991,109.265"
2025-10-21 20:09:11,"507092,109.270"
2025-10-21 20:09:11,"507193,109.267"
2025-10-21 20:09:11,"507294,109.267"
2025-10-21 20:09:12,"507395,109.270"
2025-10-21 20:09:12,"507496,109.267"
2025-10-21 20:09:12,"507597,109.265"
2025-10-21 20:09:12,"507698,109.272"
2025-10-21 20:09:12,"507799,109.270"
2025-10-21 20:09:12,"507900,109.267"
2025-10-21 20:09:12,"508001,109.261"
2025-10-21 20:09:12,"508102,109.263"
2025-10-21 20:09:12,"508203,109.257"
2025-10-21 20:09:12,"508304,109.255"
2025-10-21 20:09:13,"508405,109.259"
2025-10-21 20:09:13,"508506,109.259"
2025-10-21 20:09:13,"508607,109.250"
2025-10-21 20:09:13,"508708,109.248"
2025-10-21 20:09:13,"508809,109.267"
2025-10-21 20:09:13,"508910,109.259"
2025-10-21 20:09:13,"509011,109.265"
2025-10-21 20:09:13,"509112,109.265"
2025-10-21 20:09:13,"509213,109.263"
2025-10-21 20:09:13,"509314,109.267"
2025-10-21 20:09:14,"509415,109.272"
2025-10-21 20:09:14,"509516,109.272"
2025-10-21 20:09:14,"509617,109.274"
2025-10-21 20:09:14,"509718,109.267"
2025-10-21 20:09:14,"509819,109.267"
2025-10-21 20:09:14,"509920,109.267"
2025-10-21 20:09:14,"510021,109.276"
2025-10-21 20:09:14,"510122,109.278"
2025-10-21 20:09:14,"510223,109.285"
2025-10-21 20:09:14,"510324,109.287"
2025-10-21 20:09:15,"510425,109.287"
2025-10-21 20:09:15,"510526,109.282"
2025-10-21 20:09:15,"510627,109.278"
2025-10-21 20:09:15,"510728,109.282"
2025-10-21 20:09:15,"510829,109.280"
2025-10-21 20:09:15,"510930,109.280"
2025-10-21 20:09:15,"511031,109.282"
2025-10-21 20:09:15,"511132,109.282"
2025-10-21 20:09:15,"511233,109.285"
2025-10-21 20:09:15,"511334,109.282"
2025-10-21 20:09:16,"511435,109.285"
2025-10-21 20:09:16,"511536,109.282"
2025-10-21 20:09:16,"511637,109.282"
2025-10-21 20:09:16,"511738,109.285"
2025-10-21 20:09:16,"511839,109.285"
2025-10-21 20:09:16,"511940,109.276"
2025-10-21 20:09:16,"512041,109.282"
2025-10-21 20:09:16,"512142,109.282"
2025-10-21 20:09:16,"512243,109.289"
2025-10-21 20:09:17,"512344,109.289"
2025-10-21 20:09:17,"512445,109.289"
2025-10-21 20:09:17,"512546,109.289"
2025-10-21 20:09:17,"512647,109.285"
2025-10-21 20:09:17,"512748,109.285"
2025-10-21 20:09:17,"512849,109.282"
2025-10-21 20:09:17,"512950,109.282"
2025-10-21 20:09:17,"513051,109.276"
2025-10-21 20:09:17,"513152,109.278"
2025-10-21 20:09:17,"513253,109.280"
2025-10-21 20:09:18,"513354,109.270"
2025-10-21 20:09:18,"513455,109.272"
2025-10-21 20:09:18,"513556,109.270"
2025-10-21 20:09:18,"513657,109.270"
2025-10-21 20:09:18,"513758,109.267"
2025-10-21 20:09:18,"513859,109.267"
2025-10-21 20:09:18,"513960,109.263"
2025-10-21 20:09:18,"514061,109.267"
2025-10-21 20:09:18,"514162,109.267"
2025-10-21 20:09:18,"514263,109.263"
2025-10-21 20:09:19,"514364,109.263"
2025-10-21 20:09:19,"514465,109.267"
2025-10-21 20:09:19,"514566,109.265"
2025-10-21 20:09:19,"514667,109.267"
2025-10-21 20:09:19,"514768,109.267"
2025-10-21 20:09:19,"514869,109.276"
2025-10-21 20:09:19,"514970,109.270"
2025-10-21 20:09:19,"515071,109.272"
2025-10-21 20:09:19,"515172,109.276"
2025-10-21 20:09:19,"515273,109.276"
2025-10-21 20:09:20,"515374,109.265"
2025-10-21 20:09:20,"515475,109.255"
2025-10-21 20:09:20,"515576,109.255"
2025-10-21 20:09:20,"515677,109.255"
2025-10-21 20:09:20,"515778,109.248"
2025-10-21 20:09:20,"515879,109.248"
2025-10-21 20:09:20,"515980,109.252"
2025-10-21 20:09:20,"516081,109.250"
2025-10-21 20:09:20,"516182,109.252"
2025-10-21 20:09:20,"516283,109.255"
2025-10-21 20:09:21,"516384,109.255"
2025-10-21 20:09:21,"516485,109.261"
2025-10-21 20:09:21,"516586,109.257"
2025-10-21 20:09:21,"516687,109.259"
2025-10-21 20:09:21,"516788,109.259"
2025-10-21 20:09:21,"516889,109.257"
2025-10-21 20:09:21,"516990,109.252"
2025-10-21 20:09:21,"517091,109.252"
2025-10-21 20:09:21,"517192,109.255"
2025-10-21 20:09:21,"517293,109.259"
2025-10-21 20:09:22,"517394,109.261"
2025-10-21 20:09:22,"517495,109.259"
2025-10-21 20:09:22,"517596,109.259"
2025-10-21 20:09:22,"517697,109.259"
2025-10-21 20:09:22,"517798,109.255"
2025-10-21 20:09:22,"517899,109.257"
2025-10-21 20:09:22,"518000,109.259"
2025-10-21 20:09:22,"518101,109.265"
2025-10-21 20:09:22,"518202,109.263"
2025-10-21 20:09:22,"518303,109.259"
2025-10-21 20:09:23,"518404,109.261"
2025-10-21 20:09:23,"518505,109.255"
2025-10-21 20:09:23,"518606,109.261"
2025-10-21 20:09:23,"518707,109.263"
2025-10-21 20:09:23,"518808,109.265"
2025-10-21 20:09:23,"518909,109.255"
2025-10-21 20:09:23,"519010,109.252"
2025-10-21 20:09:23,"519111,109.246"
2025-10-21 20:09:23,"519212,109.246"
2025-10-21 20:09:23,"519313,109.248"
2025-10-21 20:09:24,"519414,109.244"
2025-10-21 20:09:24,"519515,109.240"
2025-10-21 20:09:24,"519616,109.237"
2025-10-21 20:09:24,"519717,109.237"
2025-10-21 20:09:24,"519818,109.235"
2025-10-21 20:09:24,"519919,109.244"
2025-10-21 20:09:24,"520020,109.244"
2025-10-21 20:09:24,"520121,109.235"
2025-10-21 20:09:24,"520222,109.233"
2025-10-21 20:09:24,"520323,109.224"
2025-10-21 20:09:25,"520424,109.224"
2025-10-21 20:09:25,"520525,109.224"
2025-10-21 20:09:25,"520626,109.229"
2025-10-21 20:09:25,"520727,109.237"
2025-10-21 20:09:25,"520828,109.233"
2025-10-21 20:09:25,"520929,109.231"
2025-10-21 20:09:25,"521030,109.235"
2025-10-21 20:09:25,"521131,109.235"
2025-10-21 20:09:25,"521232,109.231"
2025-10-21 20:09:25,"521333,109.229"
2025-10-21 20:09:26,"521434,109.231"
2025-10-21 20:09:26,"521535,109.231"
2025-10-21 20:09:26,"521636,109.233"
2025-10-21 20:09:26,"521737,109.231"
2025-10-21 20:09:26,"521838,109.233"
2025-10-21 20:09:26,"521939,109.233"
2025-10-21 20:09:26,"522040,109.231"
2025-10-21 20:09:26,"522141,109.224"
2025-10-21 20:09:26,"522242,109.224"
2025-10-21 20:09:27,"522343,109.218"
2025-10-21 20:09:27,"522444,109.216"
2025-10-21 20:09:27,"522545,109.216"
2025-10-21 20:09:27,"522646,109.216"
2025-10-21 20:09:27,"522747,109.214"
2025-10-21 20:09:27,"522848,109.214"
2025-10-21 20:09:27,"522949,109.214"
2025-10-21 20:09:27,"523050,109.214"
2025-10-21 20:09:27,"523151,109.222"
2025-10-21 20:09:27,"523252,109.220"
2025-10-21 20:09:28,"523353,109.220"
2025-10-21 20:09:28,"523454,109.237"
2025-10-21 20:09:28,"523555,109.233"
2025-10-21 20:09:28,"523656,109.231"
2025-10-21 20:09:28,"523757,109.231"
2025-10-21 20:09:28,"523858,109.235"
2025-10-21 20:09:28,"523959,109.235"
2025-10-21 20:09:28,"524060,109.237"
2025-10-21 20:09:28,"524161,109.255"
2025-10-21 20:09:28,"524262,109.255"
2025-10-21 20:09:29,"524363,109.255"
2025-10-21 20:09:29,"524464,109.252"
2025-10-21 20:09:29,"524565,109.246"
2025-10-21 20:09:29,"524666,109.244"
2025-10-21 20:09:29,"524767,109.235"
2025-10-21 20:09:29,"524868,109.233"
2025-10-21 20:09:29,"524969,109.225"
2025-10-21 20:09:29,"525070,109.222"
2025-10-21 20:09:29,"525171,109.220"
2025-10-21 20:09:29,"525272,109.216"
2025-10-21 20:09:30,"525373,109.216"
2025-10-21 20:09:30,"525474,109.212"
2025-10-21 20:09:30,"525575,109.214"
2025-10-21 20:09:30,"525676,109.207"
2025-10-21 20:09:30,"525777,109.207"
2025-10-21 20:09:30,"525878,109.205"
2025-10-21 20:09:30,"525979,109.205"
2025-10-21 20:09:30,"526080,109.199"
2025-10-21 20:09:30,"526181,109.177"
2025-10-21 20:09:30,"526282,109.175"
2025-10-21 20:09:31,"526383,109.175"
2025-10-21 20:09:31,"526484,109.179"
2025-10-21 20:09:31,"526585,109.173"
2025-10-21 20:09:31,"526686,109.175"
2025-10-21 20:09:31,"526787,109.173"
2025-10-21 20:09:31,"526888,109.171"
2025-10-21 20:09:31,"526989,109.171"
2025-10-21 20:09:31,"527090,109.169"
2025-10-21 20:09:31,"527191,109.164"
2025-10-21 20:09:31,"527292,109.162"
2025-10-21 20:09:32,"527393,109.160"
2025-10-21 20:09:32,"527494,109.156"
2025-10-21 20:09:32,"527595,109.156"
2025-10-21 20:09:32,"527696,109.156"
2025-10-21 20:09:32,"527797,109.158"
2025-10-21 20:09:32,"527898,109.156"
2025-10-21 20:09:32,"527999,109.156"
2025-10-21 20:09:32,"528100,109.162"
2025-10-21 20:09:32,"528201,109.162"
2025-10-21 20:09:32,"528302,109.162"
2025-10-21 20:09:33,"528403,109.162"
2025-10-21 20:09:33,"528504,109.167"
2025-10-21 20:09:33,"528605,109.167"
2025-10-21 20:09:33,"528706,109.160"
2025-10-21 20:09:33,"528807,109.158"
2025-10-21 20:09:33,"528908,109.158"
2025-10-21 20:09:33,"529009,109.158"
2025-10-21 20:09:33,"529110,109.158"
2025-10-21 20:09:33,"529211,109.160"
2025-10-21 20:09:33,"529312,109.160"
2025-10-21 20:09:34,"529413,109.160"
2025-10-21 20:09:34,"529514,109.147"
2025-10-21 20:09:34,"529615,109.147"
2025-10-21 20:09:34,"529716,109.149"
2025-10-21 20:09:34,"529817,109.147"
2025-10-21 20:09:34,"529918,109.154"
2025-10-21 20:09:34,"530019,109.154"
2025-10-21 20:09:34,"530120,109.154"
2025-10-21 20:09:34,"530221,109.154"
2025-10-21 20:09:34,"530322,109.154"
2025-10-21 20:09:35,"530423,109.158"
2025-10-21 20:09:35,"530524,109.156"
2025-10-21 20:09:35,"530625,109.156"
2025-10-21 20:09:35,"530726,109.156"
2025-10-21 20:09:35,"530827,109.158"
2025-10-21 20:09:35,"530928,109.158"
2025-10-21 20:09:35,"531029,109.158"
2025-10-21 20:09:35,"531130,109.152"
2025-10-21 20:09:35,"531231,109.152"
2025-10-21 20:09:35,"531332,109.156"
2025-10-21 20:09:36,"531433,109.156"
2025-10-21 20:09:36,"531534,109.156"
2025-10-21 20:09:36,"531635,109.154"
2025-10-21 20:09:36,"531736,109.152"
2025-10-21 20:09:36,"531837,109.154"
2025-10-21 20:09:36,"531938,109.152"
2025-10-21 20:09:36,"532039,109.154"
2025-10-21 20:09:36,"532140,109.154"
2025-10-21 20:09:36,"532241,109.154"
2025-10-21 20:09:37,"532342,109.158"
2025-10-21 20:09:37,"532443,109.158"
2025-10-21 20:09:37,"532544,109.149"
2025-10-21 20:09:37,"532645,109.149"
2025-10-21 20:09:37,"532746,109.147"
2025-10-21 20:09:37,"532847,109.149"
2025-10-21 20:09:37,"532948,109.143"
2025-10-21 20:09:37,"533049,109.141"
2025-10-21 20:09:37,"533150,109.145"
2025-10-21 20:09:37,"533251,109.137"
2025-10-21 20:09:38,"533352,109.139"
2025-10-21 20:09:38,"533453,109.122"
2025-10-21 20:09:38,"533554,109.115"
2025-10-21 20:09:38,"533655,109.113"
2025-10-21 20:09:38,"533756,109.115"
2025-10-21 20:09:38,"533857,109.115"
2025-10-21 20:09:38,"533958,109.111"
2025-10-21 20:09:38,"534059,109.111"
2025-10-21 20:09:38,"534160,109.111"
2025-10-21 20:09:38,"534261,109.089"
2025-10-21 20:09:39,"534362,109.087"
2025-10-21 20:09:39,"534463,109.089"
2025-10-21 20:09:39,"534564,109.092"
2025-10-21 20:09:39,"534665,109.092"
2025-10-21 20:09:39,"534766,109.092"
2025-10-21 20:09:39,"534867,109.089"
2025-10-21 20:09:39,"534968,109.096"
2025-10-21 20:09:39,"535069,109.096"
2025-10-21 20:09:39,"535170,109.096"
2025-10-21 20:09:39,"535271,109.096"
2025-10-21 20:09:40,"535372,109.098"
2025-10-21 20:09:40,"535473,109.096"
2025-10-21 20:09:40,"535574,109.102"
2025-10-21 20:09:40,"535675,109.102"
2025-10-21 20:09:40,"535776,109.107"
2025-10-21 20:09:40,"535877,109.107"
2025-10-21 20:09:40,"535978,109.109"
2025-10-21 20:09:40,"536079,109.107"
2025-10-21 20:09:40,"536180,109.109"
2025-10-21 20:09:40,"536281,109.130"
2025-10-21 20:09:41,"536382,109.132"
2025-10-21 20:09:41,"536483,109.134"
2025-10-21 20:09:41,"536584,109.132"
2025-10-21 20:09:41,"536685,109.130"
2025-10-21 20:09:41,"536786,109.132"
2025-10-21 20:09:41,"536887,109.132"
2025-10-21 20:09:41,"536988,109.132"
2025-10-21 20:09:41,"537089,109.132"
2025-10-21 20:09:41,"537190,109.134"
2025-10-21 20:09:41,"537291,109.134"
2025-10-21 20:09:42,"537392,109.134"
2025-10-21 20:09:42,"537493,109.134"
2025-10-21 20:09:42,"537594,109.128"
2025-10-21 20:09:42,"537695,109.128"
2025-10-21 20:09:42,"537796,109.128"
2025-10-21 20:09:42,"537897,109.124"
2025-10-21 20:09:42,"537998,109.126"
2025-10-21 20:09:42,"538099,109.126"
2025-10-21 20:09:42,"538200,109.126"
2025-10-21 20:09:42,"538301,109.126"
2025-10-21 20:09:43,"538402,109.128"
2025-10-21 20:09:43,"538503,109.137"
2025-10-21 20:09:43,"538604,109.128"
2025-10-21 20:09:43,"538705,109.130"
2025-10-21 20:09:43,"538806,109.130"
2025-10-21 20:09:43,"538907,109.130"
2025-10-21 20:09:43,"539008,109.128"
2025-10-21 20:09:43,"539109,109.130"
2025-10-21 20:09:43,"539210,109.128"
2025-10-21 20:09:43,"539311,109.128"
2025-10-21 20:09:44,"539412,109.128"
2025-10-21 20:09:44,"539513,109.128"
2025-10-21 20:09:44,"539614,109.141"
2025-10-21 20:09:44,"539715,109.143"
2025-10-21 20:09:44,"539816,109.143"
2025-10-21 20:09:44,"539917,109.143"
2025-10-21 20:09:44,"540018,109.143"
2025-10-21 20:09:44,"540119,109.134"
2025-10-21 20:09:44,"540220,109.139"
2025-10-21 20:09:44,"540321,109.139"
2025-10-21 20:09:45,"540422,109.134"
2025-10-21 20:09:45,"540523,109.128"
2025-10-21 20:09:45,"540624,109.130"
2025-10-21 20:09:45,"540725,109.130"
2025-10-21 20:09:45,"540826,109.134"
2025-10-21 20:09:45,"540927,109.128"
2025-10-21 20:09:45,"541028,109.128"
2025-10-21 20:09:45,"541129,109.128"
2025-10-21 20:09:45,"541230,109.132"
2025-10-21 20:09:45,"541331,109.132"
2025-10-21 20:09:46,"541432,109.132"
2025-10-21 20:09:46,"541533,109.132"
2025-10-21 20:09:46,"541634,109.132"
2025-10-21 20:09:46,"541735,109.130"
2025-10-21 20:09:46,"541836,109.122"
2025-10-21 20:09:46,"541937,109.122"
2025-10-21 20:09:46,"542038,109.122"
2025-10-21 20:09:46,"542139,109.119"
2025-10-21 20:09:46,"542240,109.119"
2025-10-21 20:09:47,"542341,109.119"
2025-10-21 20:09:47,"542442,109.115"
2025-10-21 20:09:47,"542543,109.115"
2025-10-21 20:09:47,"542644,109.126"
2025-10-21 20:09:47,"542745,109.124"
2025-10-21 20:09:47,"542846,109.126"
2025-10-21 20:09:47,"542947,109.126"
2025-10-21 20:09:47,"543048,109.128"
2025-10-21 20:09:47,"543149,109.128"
2025-10-21 20:09:47,"543250,109.124"
2025-10-21 20:09:48,"543351,109.113"
2025-10-21 20:09:48,"543452,109.109"
2025-10-21 20:09:48,"543553,109.124"
2025-10-21 20:09:48,"543654,109.122"
2025-10-21 20:09:48,"543755,109.124"
2025-10-21 20:09:48,"543856,109.122"
2025-10-21 20:09:48,"543957,109.122"
2025-10-21 20:09:48,"544058,109.126"
2025-10-21 20:09:48,"544159,109.126"
2025-10-21 20:09:48,"544260,109.132"
2025-10-21 20:09:49,"544361,109.132"
2025-10-21 20:09:49,"544462,109.134"
2025-10-21 20:09:49,"544563,109.130"
2025-10-21 20:09:49,"544664,109.130"
2025-10-21 20:09:49,"544765,109.132"
2025-10-21 20:09:49,"544866,109.134"
2025-10-21 20:09:49,"544967,109.145"
2025-10-21 20:09:49,"545068,109.139"
2025-10-21 20:09:49,"545169,109.139"
2025-10-21 20:09:49,"545270,109.139"
2025-10-21 20:09:50,"545371,109.139"
2025-10-21 20:09:50,"545472,109.134"
2025-10-21 20:09:50,"545573,109.137"
2025-10-21 20:09:50,"545674,109.141"
2025-10-21 20:09:50,"545775,109.141"
2025-10-21 20:09:50,"545876,109.141"
2025-10-21 20:09:50,"545977,109.141"
2025-10-21 20:09:50,"546078,109.139"
2025-10-21 20:09:50,"546179,109.143"
2025-10-21 20:09:50,"546280,109.143"
2025-10-21 20:09:51,"546381,109.137"
2025-10-21 20:09:51,"546482,109.137"
2025-10-21 20:09:51,"546583,109.134"
2025-10-21 20:09:51,"546684,109.130"
2025-10-21 20:09:51,"546785,109.134"
2025-10-21 20:09:51,"546886,109.134"
2025-10-21 20:09:51,"546987,109.134"
2025-10-21 20:09:51,"547088,109.137"
2025-10-21 20:09:51,"547189,109.137"
2025-10-21 20:09:51,"547290,109.137"
2025-10-21 20:09:52,"547391,109.137"
2025-10-21 20:09:52,"547492,109.137"
2025-10-21 20:09:52,"547593,109.137"
2025-10-21 20:09:52,"547694,109.147"
2025-10-21 20:09:52,"547795,109.147"
2025-10-21 20:09:52,"547896,109.145"
2025-10-21 20:09:52,"547997,109.145"
2025-10-21 20:09:52,"548098,109.145"
2025-10-21 20:09:52,"548199,109.128"
2025-10-21 20:09:52,"548300,109.122"
2025-10-21 20:09:53,"548401,109.128"
2025-10-21 20:09:53,"548502,109.128"
2025-10-21 20:09:53,"548603,109.124"
2025-10-21 20:09:53,"548704,109.124"
2025-10-21 20:09:53,"548805,109.122"
2025-10-21 20:09:53,"548906,109.122"
2025-10-21 20:09:53,"549007,109.122"
2025-10-21 20:09:53,"549108,109.115"
2025-10-21 20:09:53,"549209,109.113"
2025-10-21 20:09:53,"549310,109.117"
2025-10-21 20:09:54,"549411,109.115"
2025-10-21 20:09:54,"549512,109.115"
2025-10-21 20:09:54,"549613,109.115"
2025-10-21 20:09:54,"549714,109.115"
2025-10-21 20:09:54,"549815,109.115"
2025-10-21 20:09:54,"549916,109.117"
2025-10-21 20:09:54,"550017,109.117"
2025-10-21 20:09:54,"550118,109.117"
2025-10-21 20:09:54,"550219,109.113"
2025-10-21 20:09:54,"550320,109.111"
2025-10-21 20:09:55,"550421,109.111"
2025-10-21 20:09:55,"550522,109.115"
2025-10-21 20:09:55,"550623,109.115"
2025-10-21 20:09:55,"550724,109.113"
2025-10-21 20:09:55,"550825,109.115"
2025-10-21 20:09:55,"550926,109.100"
2025-10-21 20:09:55,"551027,109.096"
2025-10-21 20:09:55,"551128,109.104"
2025-10-21 20:09:55,"551229,109.104"
2025-10-21 20:09:55,"551330,109.100"
2025-10-21 20:09:56,"551431,109.094"
2025-10-21 20:09:56,"551532,109.094"
2025-10-21 20:09:56,"551633,109.087"
2025-10-21 20:09:56,"551734,109.085"
2025-10-21 20:09:56,"551835,109.085"
2025-10-21 20:09:56,"551936,109.096"
2025-10-21 20:09:56,"552037,109.077"
2025-10-21 20:09:56,"552138,109.072"
2025-10-21 20:09:56,"552239,109.070"
2025-10-21 20:09:57,"552340,109.074"
2025-10-21 20:09:57,"552441,109.081"
2025-10-21 20:09:57,"552542,109.068"
2025-10-21 20:09:57,"552643,109.068"
2025-10-21 20:09:57,"552744,109.066"
2025-10-21 20:09:57,"552845,109.068"
2025-10-21 20:09:57,"552946,109.068"
2025-10-21 20:09:57,"553047,109.064"
2025-10-21 20:09:57,"553148,109.068"
2025-10-21 20:09:57,"553249,109.070"
2025-10-21 20:09:58,"553350,109.068"
2025-10-21 20:09:58,"553451,109.079"
2025-10-21 20:09:58,"553552,109.077"
2025-10-21 20:09:58,"553653,109.072"
2025-10-21 20:09:58,"553754,109.072"
2025-10-21 20:09:58,"553855,109.072"
2025-10-21 20:09:58,"553956,109.057"
2025-10-21 20:09:58,"554057,109.055"
2025-10-21 20:09:58,"554158,109.053"
2025-10-21 20:09:58,"554259,109.044"
2025-10-21 20:09:59,"554360,109.036"
2025-10-21 20:09:59,"554461,109.034"
2025-10-21 20:09:59,"554562,109.036"
2025-10-21 20:09:59,"554663,109.036"
2025-10-21 20:09:59,"554764,109.034"
2025-10-21 20:09:59,"554865,109.032"
2025-10-21 20:09:59,"554966,109.032"
2025-10-21 20:09:59,"555067,109.025"
2025-10-21 20:09:59,"555168,109.027"
2025-10-21 20:09:59,"555269,109.027"
2025-10-21 20:10:00,"555370,109.029"
2025-10-21 20:10:00,"555471,109.029"
2025-10-21 20:10:00,"555572,109.029"
2025-10-21 20:10:00,"555673,109.029"
2025-10-21 20:10:00,"555774,109.019"
2025-10-21 20:10:00,"555875,109.019"
2025-10-21 20:10:00,"555976,109.029"
2025-10-21 20:10:00,"556077,109.032"
2025-10-21 20:10:00,"556178,109.034"
2025-10-21 20:10:00,"556279,109.032"
2025-10-21 20:10:01,"556380,109.027"
2025-10-21 20:10:01,"556481,109.027"
2025-10-21 20:10:01,"556582,109.025"
2025-10-21 20:10:01,"556683,109.025"
2025-10-21 20:10:01,"556784,109.027"
2025-10-21 20:10:01,"556885,109.025"
2025-10-21 20:10:01,"556986,109.029"
2025-10-21 20:10:01,"557087,109.029"
2025-10-21 20:10:01,"557188,109.029"
2025-10-21 20:10:01,"557289,109.025"
2025-10-21 20:10:02,"557390,109.025"
2025-10-21 20:10:02,"557491,109.023"
2025-10-21 20:10:02,"557592,109.017"
2025-10-21 20:10:02,"557693,109.017"
2025-10-21 20:10:02,"557794,109.014"
2025-10-21 20:10:02,"557895,109.014"
2025-10-21 20:10:02,"557996,109.017"
2025-10-21 20:10:02,"558097,109.017"
2025-10-21 20:10:02,"558198,109.012"
2025-10-21 20:10:02,"558299,109.029"
2025-10-21 20:10:03,"558400,109.029"
2025-10-21 20:10:03,"558501,109.021"
2025-10-21 20:10:03,"558602,109.021"
2025-10-21 20:10:03,"558703,109.021"
2025-10-21 20:10:03,"558804,109.021"
2025-10-21 20:10:03,"558905,109.021"
2025-10-21 20:10:03,"559006,109.021"
2025-10-21 20:10:03,"559107,109.021"
2025-10-21 20:10:03,"559208,109.019"
2025-10-21 20:10:03,"559309,109.019"
2025-10-21 20:10:04,"559410,109.019"
2025-10-21 20:10:04,"559511,109.019"
2025-10-21 20:10:04,"559612,109.016"
2025-10-21 20:10:04,"559713,109.016"
2025-10-21 20:10:04,"559814,109.016"
2025-10-21 20:10:04,"559915,109.012"
2025-10-21 20:10:04,"560016,109.010"
2025-10-21 20:10:04,"560117,109.008"
2025-10-21 20:10:04,"560218,109.008"
2025-10-21 20:10:04,"560319,109.012"
2025-10-21 20:10:05,"560420,109.008"
2025-10-21 20:10:05,"560521,109.006"
2025-10-21 20:10:05,"560622,109.004"
2025-10-21 20:10:05,"560723,108.991"
2025-10-21 20:10:05,"560824,108.982"
2025-10-21 20:10:05,"560925,108.980"
2025-10-21 20:10:05,"561026,108.993"
2025-10-21 20:10:05,"561127,108.997"
2025-10-21 20:10:05,"561228,108.989"
2025-10-21 20:10:05,"561329,108.986"
2025-10-21 20:10:06,"561430,108.995"
2025-10-21 20:10:06,"561531,108.999"
2025-10-21 20:10:06,"561632,108.999"
2025-10-21 20:10:06,"561733,109.025"
2025-10-21 20:10:06,"561834,109.027"
2025-10-21 20:10:06,"561935,109.029"
2025-10-21 20:10:06,"562036,109.029"
2025-10-21 20:10:06,"562137,109.055"
2025-10-21 20:10:06,"562238,109.059"
2025-10-21 20:10:07,"562339,109.062"
2025-10-21 20:10:07,"562440,109.059"
2025-10-21 20:10:07,"562541,109.053"
2025-10-21 20:10:07,"562642,109.066"
2025-10-21 20:10:07,"562743,109.066"
2025-10-21 20:10:07,"562844,109.066"
2025-10-21 20:10:07,"562945,109.066"
2025-10-21 20:10:07,"563046,109.064"
2025-10-21 20:10:07,"563147,109.077"
2025-10-21 20:10:07,"563248,109.072"
2025-10-21 20:10:08,"563349,109.072"
2025-10-21 20:10:08,"563450,109.077"
2025-10-21 20:10:08,"563551,109.074"
2025-10-21 20:10:08,"563652,109.064"
2025-10-21 20:10:08,"563753,109.068"
2025-10-21 20:10:08,"563854,109.062"
2025-10-21 20:10:08,"563955,109.062"
2025-10-21 20:10:08,"564056,109.077"
2025-10-21 20:10:08,"564157,109.079"
2025-10-21 20:10:08,"564258,109.083"
2025-10-21 20:10:09,"564359,109.096"
2025-10-21 20:10:09,"564460,109.092"
2025-10-21 20:10:09,"564561,109.092"
2025-10-21 20:10:09,"564662,109.089"
2025-10-21 20:10:09,"564763,109.092"
2025-10-21 20:10:09,"564864,109.094"
2025-10-21 20:10:09,"564965,109.096"
2025-10-21 20:10:09,"565066,109.096"
2025-10-21 20:10:09,"565167,109.096"
2025-10-21 20:10:09,"565268,109.096"
2025-10-21 20:10:10,"565369,109.094"
2025-10-21 20:10:10,"565470,109.092"
2025-10-21 20:10:10,"565571,109.092"
2025-10-21 20:10:10,"565672,109.098"
2025-10-21 20:10:10,"565773,109.096"
2025-10-21 20:10:10,"565874,109.092"
2025-10-21 20:10:10,"565975,109.085"
2025-10-21 20:10:10,"566076,109.074"
2025-10-21 20:10:10,"566177,109.070"
2025-10-21 20:10:10,"566278,109.070"
2025-10-21 20:10:11,"566379,109.068"
2025-10-21 20:10:11,"566480,109.070"
2025-10-21 20:10:11,"566581,109.074"
2025-10-21 20:10:11,"566682,109.068"
2025-10-21 20:10:11,"566783,109.064"
2025-10-21 20:10:11,"566884,109.066"
2025-10-21 20:10:11,"566985,109.066"
2025-10-21 20:10:11,"567086,109.062"
2025-10-21 20:10:11,"567187,109.062"
2025-10-21 20:10:11,"567288,109.062"
2025-10-21 20:10:12,"567389,109.064"
2025-10-21 20:10:12,"567490,109.064"
2025-10-21 20:10:12,"567591,109.066"
2025-10-21 20:10:12,"567692,109.070"
2025-10-21 20:10:12,"567793,109.068"
2025-10-21 20:10:12,"567894,109.070"
2025-10-21 20:10:12,"567995,109.068"
2025-10-21 20:10:12,"568096,109.064"
2025-10-21 20:10:12,"568197,109.064"
2025-10-21 20:10:12,"568298,109.068"
2025-10-21 20:10:13,"568399,109.066"
2025-10-21 20:10:13,"568500,109.064"
2025-10-21 20:10:13,"568601,109.066"
2025-10-21 20:10:13,"568702,109.062"
2025-10-21 20:10:13,"568803,109.062"
2025-10-21 20:10:13,"568904,109.062"
2025-10-21 20:10:13,"569005,109.062"
2025-10-21 20:10:13,"569106,109.062"
2025-10-21 20:10:13,"569207,109.053"
2025-10-21 20:10:13,"569308,109.064"
2025-10-21 20:10:14,"569409,109.064"
2025-10-21 20:10:14,"569510,109.064"
2025-10-21 20:10:14,"569611,109.064"
2025-10-21 20:10:14,"569712,109.066"
2025-10-21 20:10:14,"569813,109.064"
2025-10-21 20:10:14,"569914,109.064"
2025-10-21 20:10:14,"570015,109.066"
2025-10-21 20:10:14,"570116,109.057"
2025-10-21 20:10:14,"570217,109.059"
2025-10-21 20:10:14,"570318,109.059"
2025-10-21 20:10:15,"570419,109.059"
2025-10-21 20:10:15,"570520,109.062"
2025-10-21 20:10:15,"570621,109.064"
2025-10-21 20:10:15,"570722,109.066"
2025-10-21 20:10:15,"570823,109.081"
2025-10-21 20:10:15,"570924,109.092"
2025-10-21 20:10:15,"571025,109.089"
2025-10-21 20:10:15,"571126,109.087"
2025-10-21 20:10:15,"571227,109.087"
2025-10-21 20:10:15,"571328,109.087"
2025-10-21 20:10:16,"571429,109.089"
2025-10-21 20:10:16,"571530,109.081"
2025-10-21 20:10:16,"571631,109.081"
2025-10-21 20:10:16,"571732,109.079"
2025-10-21 20:10:16,"571833,109.062"
2025-10-21 20:10:16,"571934,109.062"
2025-10-21 20:10:16,"572035,109.062"
2025-10-21 20:10:16,"572136,109.059"
2025-10-21 20:10:16,"572237,109.055"
2025-10-21 20:10:17,"572338,109.057"
2025-10-21 20:10:17,"572439,109.055"
2025-10-21 20:10:17,"572540,109.057"
2025-10-21 20:10:17,"572641,109.057"
2025-10-21 20:10:17,"572742,109.055"
2025-10-21 20:10:17,"572843,109.047"
2025-10-21 20:10:17,"572944,109.053"
2025-10-21 20:10:17,"573045,109.047"
2025-10-21 20:10:17,"573146,109.044"
2025-10-21 20:10:17,"573247,109.036"
2025-10-21 20:10:18,"573348,109.040"
2025-10-21 20:10:18,"573449,109.040"
2025-10-21 20:10:18,"573550,109.038"
2025-10-21 20:10:18,"573651,109.038"
2025-10-21 20:10:18,"573752,109.057"
2025-10-21 20:10:18,"573853,109.059"
2025-10-21 20:10:18,"573954,109.066"
2025-10-21 20:10:18,"574055,109.079"
2025-10-21 20:10:18,"574156,109.081"
2025-10-21 20:10:18,"574257,109.081"
2025-10-21 20:10:19,"574358,109.077"
2025-10-21 20:10:19,"574459,109.072"
2025-10-21 20:10:19,"574560,109.077"
2025-10-21 20:10:19,"574661,109.081"
2025-10-21 20:10:19,"574762,109.079"
2025-10-21 20:10:19,"574863,109.074"
2025-10-21 20:10:19,"574964,109.074"
2025-10-21 20:10:19,"575065,109.074"
2025-10-21 20:10:19,"575166,109.074"
2025-10-21 20:10:19,"575267,109.074"
2025-10-21 20:10:20,"575368,109.079"
2025-10-21 20:10:20,"575469,109.081"
2025-10-21 20:10:20,"575570,109.079"
2025-10-21 20:10:20,"575671,109.079"
2025-10-21 20:10:20,"575772,109.077"
2025-10-21 20:10:20,"575873,109.081"
2025-10-21 20:10:20,"575974,109.087"
2025-10-21 20:10:20,"576075,109.094"
2025-10-21 20:10:20,"576176,109.096"
2025-10-21 20:10:20,"576277,109.098"
2025-10-21 20:10:21,"576378,109.098"
2025-10-21 20:10:21,"576479,109.100"
2025-10-21 20:10:21,"576580,109.094"
2025-10-21 20:10:21,"576681,109.094"
2025-10-21 20:10:21,"576782,109.107"
2025-10-21 20:10:21,"576883,109.113"
2025-10-21 20:10:21,"576984,109.109"
2025-10-21 20:10:21,"577085,109.107"
2025-10-21 20:10:21,"577186,109.107"
2025-10-21 20:10:21,"577287,109.107"
2025-10-21 20:10:22,"577388,109.102"
2025-10-21 20:10:22,"577489,109.117"
2025-10-21 20:10:22,"577590,109.111"
2025-10-21 20:10:22,"577691,109.104"
2025-10-21 20:10:22,"577792,109.107"
2025-10-21 20:10:22,"577893,109.111"
2025-10-21 20:10:22,"577994,109.111"
2025-10-21 20:10:22,"578095,109.109"
2025-10-21 20:10:22,"578196,109.115"
2025-10-21 20:10:22,"578297,109.115"
2025-10-21 20:10:23,"578398,109.117"
2025-10-21 20:10:23,"578499,109.119"
2025-10-21 20:10:23,"578600,109.119"
2025-10-21 20:10:23,"578701,109.119"
2025-10-21 20:10:23,"578802,109.124"
2025-10-21 20:10:23,"578903,109.117"
2025-10-21 20:10:23,"579004,109.119"
2025-10-21 20:10:23,"579105,109.119"
2025-10-21 20:10:23,"579206,109.124"
2025-10-21 20:10:23,"579307,109.124"
2025-10-21 20:10:24,"579408,109.128"
2025-10-21 20:10:24,"579509,109.128"
2025-10-21 20:10:24,"579610,109.128"
2025-10-21 20:10:24,"579711,109.126"
2025-10-21 20:10:24,"579812,109.126"
2025-10-21 20:10:24,"579913,109.128"
2025-10-21 20:10:24,"580014,109.119"
2025-10-21 20:10:24,"580115,109.126"
2025-10-21 20:10:24,"580216,109.134"
2025-10-21 20:10:24,"580317,109.134"
2025-10-21 20:10:25,"580418,109.130"
2025-10-21 20:10:25,"580519,109.130"
2025-10-21 20:10:25,"580620,109.130"
2025-10-21 20:10:25,"580721,109.128"
2025-10-21 20:10:25,"580822,109.128"
2025-10-21 20:10:25,"580923,109.117"
2025-10-21 20:10:25,"581024,109.113"
2025-10-21 20:10:25,"581125,109.115"
2025-10-21 20:10:25,"581226,109.115"
2025-10-21 20:10:25,"581327,109.115"
2025-10-21 20:10:26,"581428,109.115"
2025-10-21 20:10:26,"581529,109.119"
2025-10-21 20:10:26,"581630,109.111"
2025-10-21 20:10:26,"581731,109.111"
2025-10-21 20:10:26,"581832,109.107"
2025-10-21 20:10:26,"581933,109.104"
2025-10-21 20:10:26,"582034,109.094"
2025-10-21 20:10:26,"582135,109.092"
2025-10-21 20:10:26,"582236,109.094"
2025-10-21 20:10:27,"582337,109.092"
2025-10-21 20:10:27,"582438,109.087"
2025-10-21 20:10:27,"582539,109.092"
2025-10-21 20:10:27,"582640,109.087"
2025-10-21 20:10:27,"582741,109.087"
2025-10-21 20:10:27,"582842,109.092"
2025-10-21 20:10:27,"582943,109.098"
2025-10-21 20:10:27,"583044,109.089"
2025-10-21 20:10:27,"583145,109.096"
2025-10-21 20:10:27,"583246,109.102"
2025-10-21 20:10:28,"583347,109.102"
2025-10-21 20:10:28,"583448,109.107"
2025-10-21 20:10:28,"583549,109.104"
2025-10-21 20:10:28,"583650,109.104"
2025-10-21 20:10:28,"583751,109.107"
2025-10-21 20:10:28,"583852,109.104"
2025-10-21 20:10:28,"583953,109.100"
2025-10-21 20:10:28,"584054,109.102"
2025-10-21 20:10:28,"584155,109.089"
2025-10-21 20:10:28,"584256,109.089"
2025-10-21 20:10:29,"584357,109.089"
2025-10-21 20:10:29,"584458,109.089"
2025-10-21 20:10:29,"584559,109.089"
2025-10-21 20:10:29,"584660,109.092"
2025-10-21 20:10:29,"584761,109.087"
2025-10-21 20:10:29,"584862,109.098"
2025-10-21 20:10:29,"584963,109.102"
2025-10-21 20:10:29,"585064,109.102"
2025-10-21 20:10:29,"585165,109.102"
2025-10-21 20:10:29,"585266,109.100"
2025-10-21 20:10:30,"585367,109.100"
2025-10-21 20:10:30,"585468,109.096"
2025-10-21 20:10:30,"585569,109.096"
2025-10-21 20:10:30,"585670,109.096"
2025-10-21 20:10:30,"585771,109.096"
2025-10-21 20:10:30,"585872,109.096"
2025-10-21 20:10:30,"585973,109.094"
2025-10-21 20:10:30,"586074,109.098"
2025-10-21 20:10:30,"586175,109.098"
2025-10-21 20:10:30,"586276,109.104"
2025-10-21 20:10:31,"586377,109.104"
2025-10-21 20:10:31,"586478,109.104"
2025-10-21 20:10:31,"586579,109.104"
2025-10-21 20:10:31,"586680,109.111"
2025-10-21 20:10:31,"586781,109.111"
2025-10-21 20:10:31,"586882,109.104"
2025-10-21 20:10:31,"586983,109.102"
2025-10-21 20:10:31,"587084,109.107"
2025-10-21 20:10:31,"587185,109.111"
2025-10-21 20:10:31,"587286,109.100"
2025-10-21 20:10:32,"587387,109.100"
2025-10-21 20:10:32,"587488,109.104"
2025-10-21 20:10:32,"587589,109.092"
2025-10-21 20:10:32,"587690,109.098"
2025-10-21 20:10:32,"587791,109.104"
2025-10-21 20:10:32,"587892,109.104"
2025-10-21 20:10:32,"587993,109.102"
2025-10-21 20:10:32,"588094,109.102"
2025-10-21 20:10:32,"588195,109.113"
2025-10-21 20:10:32,"588296,109.126"
2025-10-21 20:10:33,"588397,109.122"
2025-10-21 20:10:33,"588498,109.104"
2025-10-21 20:10:33,"588599,109.104"
2025-10-21 20:10:33,"588700,109.098"
2025-10-21 20:10:33,"588801,109.098"
2025-10-21 20:10:33,"588902,109.098"
2025-10-21 20:10:33,"589003,109.104"
2025-10-21 20:10:33,"589104,109.111"
2025-10-21 20:10:33,"589205,109.113"
2025-10-21 20:10:33,"589306,109.098"
2025-10-21 20:10:34,"589407,109.104"
2025-10-21 20:10:34,"589508,109.100"
2025-10-21 20:10:34,"589609,109.100"
2025-10-21 20:10:34,"589710,109.102"
2025-10-21 20:10:34,"589811,109.104"
2025-10-21 20:10:34,"589912,109.096"
2025-10-21 20:10:34,"590013,109.096"
2025-10-21 20:10:34,"590114,109.107"
2025-10-21 20:10:34,"590215,109.098"
2025-10-21 20:10:34,"590316,109.104"
2025-10-21 20:10:35,"590417,109.096"
2025-10-21 20:10:35,"590518,109.098"
2025-10-21 20:10:35,"590619,109.096"
2025-10-21 20:10:35,"590720,109.094"
2025-10-21 20:10:35,"590821,109.096"
2025-10-21 20:10:35,"590922,109.096"
2025-10-21 20:10:35,"591023,109.102"
2025-10-21 20:10:35,"591124,109.107"
2025-10-21 20:10:35,"591225,109.104"
2025-10-21 20:10:35,"591326,109.104"
2025-10-21 20:10:36,"591427,109.104"
2025-10-21 20:10:36,"591528,109.094"
2025-10-21 20:10:36,"591629,109.089"
2025-10-21 20:10:36,"591730,109.100"
2025-10-21 20:10:36,"591831,109.100"
2025-10-21 20:10:36,"591932,109.107"
2025-10-21 20:10:36,"592033,109.107"
2025-10-21 20:10:36,"592134,109.117"
2025-10-21 20:10:36,"592235,109.113"
2025-10-21 20:10:37,"592336,109.113"
2025-10-21 20:10:37,"592437,109.111"
2025-10-21 20:10:37,"592538,109.111"
2025-10-21 20:10:37,"592639,109.107"
2025-10-21 20:10:37,"592740,109.109"
2025-10-21 20:10:37,"592841,109.107"
2025-10-21 20:10:37,"592942,109.102"
2025-10-21 20:10:37,"593043,109.107"
2025-10-21 20:10:37,"593144,109.111"
2025-10-21 20:10:37,"593245,109.111"
2025-10-21 20:10:38,"593346,109.107"
2025-10-21 20:10:38,"593447,109.104"
2025-10-21 20:10:38,"593548,109.096"
2025-10-21 20:10:38,"593649,109.098"
2025-10-21 20:10:38,"593750,109.096"
2025-10-21 20:10:38,"593851,109.096"
2025-10-21 20:10:38,"593952,109.094"
2025-10-21 20:10:38,"594053,109.096"
2025-10-21 20:10:38,"594154,109.096"
2025-10-21 20:10:38,"594255,109.096"
2025-10-21 20:10:39,"594356,109.096"
2025-10-21 20:10:39,"594457,109.094"
2025-10-21 20:10:39,"594558,109.094"
2025-10-21 20:10:39,"594659,109.094"
2025-10-21 20:10:39,"594760,109.094"
2025-10-21 20:10:39,"594861,109.096"
2025-10-21 20:10:39,"594962,109.083"
2025-10-21 20:10:39,"595063,109.081"
2025-10-21 20:10:39,"595164,109.079"
2025-10-21 20:10:39,"595265,109.077"
2025-10-21 20:10:40,"595366,109.079"
2025-10-21 20:10:40,"595467,109.079"
2025-10-21 20:10:40,"595568,109.079"
2025-10-21 20:10:40,"595669,109.077"
2025-10-21 20:10:40,"595770,109.079"
2025-10-21 20:10:40,"595871,109.079"
2025-10-21 20:10:40,"595972,109.083"
2025-10-21 20:10:40,"596073,109.083"
2025-10-21 20:10:40,"596174,109.081"
2025-10-21 20:10:40,"596275,109.070"
2025-10-21 20:10:41,"596376,109.059"
2025-10-21 20:10:41,"596477,109.059"
2025-10-21 20:10:41,"596578,109.055"
2025-10-21 20:10:41,"596679,109.057"
2025-10-21 20:10:41,"596780,109.066"
2025-10-21 20:10:41,"596881,109.064"
2025-10-21 20:10:41,"596982,109.057"
2025-10-21 20:10:41,"597083,109.055"
2025-10-21 20:10:41,"597184,109.053"
2025-10-21 20:10:41,"597285,109.051"
2025-10-21 20:10:42,"597386,109.061"
2025-10-21 20:10:42,"597487,109.057"
2025-10-21 20:10:42,"597588,109.064"
2025-10-21 20:10:42,"597689,109.064"
2025-10-21 20:10:42,"597790,109.061"
2025-10-21 20:10:42,"597891,109.061"
2025-10-21 20:10:42,"597992,109.061"
2025-10-21 20:10:42,"598093,109.061"
2025-10-21 20:10:42,"598194,109.061"
2025-10-21 20:10:42,"598295,109.055"
2025-10-21 20:10:43,"598396,109.038"
2025-10-21 20:10:43,"598497,109.042"
2025-10-21 20:10:43,"598598,109.053"
2025-10-21 20:10:43,"598699,109.053"
2025-10-21 20:10:43,"598800,109.061"
2025-10-21 20:10:43,"598901,109.061"
2025-10-21 20:10:43,"599002,109.057"
2025-10-21 20:10:43,"599103,109.059"
2025-10-21 20:10:43,"599204,109.051"
2025-10-21 20:10:43,"599305,109.051"
2025-10-21 20:10:44,"599406,109.061"
2025-10-21 20:10:44,"599507,109.064"
2025-10-21 20:10:44,"599608,109.064"
2025-10-21 20:10:44,"599709,109.064"
2025-10-21 20:10:44,"599810,109.059"
2025-10-21 20:10:44,"599911,109.059"
2025-10-21 20:10:44,"600012,109.059"
2025-10-21 20:10:44,"600113,109.057"
2025-10-21 20:10:44,"600214,109.061"
2025-10-21 20:10:44,"600315,109.055"
2025-10-21 20:10:45,"600416,109.040"
2025-10-21 20:10:45,"600517,109.034"
2025-10-21 20:10:45,"600618,109.029"
2025-10-21 20:10:45,"600719,109.029"
2025-10-21 20:10:45,"600820,109.031"
2025-10-21 20:10:45,"600921,109.031"
2025-10-21 20:10:45,"601022,109.034"
2025-10-21 20:10:45,"601123,109.034"
2025-10-21 20:10:45,"601224,109.031"
2025-10-21 20:10:45,"601325,109.034"
2025-10-21 20:10:46,"601426,109.025"
2025-10-21 20:10:46,"601527,109.023"
2025-10-21 20:10:46,"601628,109.034"
2025-10-21 20:10:46,"601729,109.034"
2025-10-21 20:10:46,"601830,109.034"
2025-10-21 20:10:46,"601931,109.034"
2025-10-21 20:10:46,"602032,109.034"
2025-10-21 20:10:46,"602133,109.036"
2025-10-21 20:10:46,"602234,109.036"
2025-10-21 20:10:46,"602335,109.044"
2025-10-21 20:10:47,"602436,109.040"
2025-10-21 20:10:47,"602537,109.038"
2025-10-21 20:10:47,"602638,109.038"
2025-10-21 20:10:47,"602739,109.038"
2025-10-21 20:10:47,"602840,109.034"
2025-10-21 20:10:47,"602941,109.036"
2025-10-21 20:10:47,"603042,109.038"
2025-10-21 20:10:47,"603143,109.040"
2025-10-21 20:10:47,"603244,109.040"
2025-10-21 20:10:48,"603345,109.040"
2025-10-21 20:10:48,"603446,109.042"
2025-10-21 20:10:48,"603547,109.044"
2025-10-21 20:10:48,"603648,109.046"
2025-10-21 20:10:48,"603749,109.049"
2025-10-21 20:10:48,"603850,109.051"
2025-10-21 20:10:48,"603951,109.051"
2025-10-21 20:10:48,"604052,109.053"
2025-10-21 20:10:48,"604153,109.051"
2025-10-21 20:10:48,"604254,109.051"
2025-10-21 20:10:49,"604355,109.051"
2025-10-21 20:10:49,"604456,109.051"
2025-10-21 20:10:49,"604557,109.051"
2025-10-21 20:10:49,"604658,109.051"
2025-10-21 20:10:49,"604759,109.051"
2025-10-21 20:10:49,"604860,109.051"
2025-10-21 20:10:49,"604961,109.051"
2025-10-21 20:10:49,"605062,109.055"
2025-10-21 20:10:49,"605163,109.057"
2025-10-21 20:10:49,"605264,109.059"
2025-10-21 20:10:50,"605365,109.072"
2025-10-21 20:10:50,"605466,109.070"
2025-10-21 20:10:50,"605567,109.070"
2025-10-21 20:10:50,"605668,109.070"
2025-10-21 20:10:50,"605769,109.072"
2025-10-21 20:10:50,"605870,109.072"
2025-10-21 20:10:50,"605971,109.072"
2025-10-21 20:10:50,"606072,109.068"
2025-10-21 20:10:50,"606173,109.070"
2025-10-21 20:10:50,"606274,109.068"
2025-10-21 20:10:51,"606375,109.079"
2025-10-21 20:10:51,"606476,109.085"
2025-10-21 20:10:51,"606577,109.085"
2025-10-21 20:10:51,"606678,109.096"
2025-10-21 20:10:51,"606779,109.100"
2025-10-21 20:10:51,"606880,109.094"
2025-10-21 20:10:51,"606981,109.096"
2025-10-21 20:10:51,"607082,109.104"
2025-10-21 20:10:51,"607183,109.107"
2025-10-21 20:10:51,"607284,109.107"
2025-10-21 20:10:52,"607385,109.107"
2025-10-21 20:10:52,"607486,109.109"
2025-10-21 20:10:52,"607587,109.113"
2025-10-21 20:10:52,"607688,109.107"
2025-10-21 20:10:52,"607789,109.111"
2025-10-21 20:10:52,"607890,109.104"
2025-10-21 20:10:52,"607991,109.104"
2025-10-21 20:10:52,"608092,109.102"
2025-10-21 20:10:52,"608193,109.102"
2025-10-21 20:10:52,"608294,109.102"
2025-10-21 20:10:53,"608395,109.100"
2025-10-21 20:10:53,"608496,109.104"
2025-10-21 20:10:53,"608597,109.104"
2025-10-21 20:10:53,"608698,109.107"
2025-10-21 20:10:53,"608799,109.111"
2025-10-21 20:10:53,"608900,109.111"
2025-10-21 20:10:53,"609001,109.113"
2025-10-21 20:10:53,"609102,109.122"
2025-10-21 20:10:53,"609203,109.119"
2025-10-21 20:10:53,"609304,109.122"
2025-10-21 20:10:54,"609405,109.119"
2025-10-21 20:10:54,"609506,109.119"
2025-10-21 20:10:54,"609607,109.119"
2025-10-21 20:10:54,"609708,109.119"
2025-10-21 20:10:54,"609809,109.122"
2025-10-21 20:10:54,"609910,109.128"
2025-10-21 20:10:54,"610011,109.130"
2025-10-21 20:10:54,"610112,109.143"
2025-10-21 20:10:54,"610213,109.156"
2025-10-21 20:10:54,"610314,109.158"
2025-10-21 20:10:55,"610415,109.169"
2025-10-21 20:10:55,"610516,109.175"
2025-10-21 20:10:55,"610617,109.209"
2025-10-21 20:10:55,"610718,109.216"
2025-10-21 20:10:55,"610819,109.218"
2025-10-21 20:10:55,"610920,109.218"
2025-10-21 20:10:55,"611021,109.218"
2025-10-21 20:10:55,"611122,109.218"
2025-10-21 20:10:55,"611223,109.222"
2025-10-21 20:10:55,"611324,109.231"
2025-10-21 20:10:56,"611425,109.231"
2025-10-21 20:10:56,"611526,109.240"
2025-10-21 20:10:56,"611627,109.242"
2025-10-21 20:10:56,"611728,109.242"
2025-10-21 20:10:56,"611829,109.240"
2025-10-21 20:10:56,"611930,109.237"
2025-10-21 20:10:56,"612031,109.237"
2025-10-21 20:10:56,"612132,109.233"
2025-10-21 20:10:56,"612233,109.246"
2025-10-21 20:10:56,"612334,109.246"
2025-10-21 20:10:57,"612435,109.246"
2025-10-21 20:10:57,"612536,109.246"
2025-10-21 20:10:57,"612637,109.248"
2025-10-21 20:10:57,"612738,109.263"
2025-10-21 20:10:57,"612839,109.267"
2025-10-21 20:10:57,"612940,109.272"
2025-10-21 20:10:57,"613041,109.274"
2025-10-21 20:10:57,"613142,109.274"
2025-10-21 20:10:57,"613243,109.274"
2025-10-21 20:10:58,"613344,109.274"
2025-10-21 20:10:58,"613445,109.276"
2025-10-21 20:10:58,"613546,109.274"
2025-10-21 20:10:58,"613647,109.274"
2025-10-21 20:10:58,"613748,109.276"
2025-10-21 20:10:58,"613849,109.276"
2025-10-21 20:10:58,"613950,109.276"
2025-10-21 20:10:58,"614051,109.274"
2025-10-21 20:10:58,"614152,109.274"
2025-10-21 20:10:58,"614253,109.282"
2025-10-21 20:10:59,"614354,109.285"
2025-10-21 20:10:59,"614455,109.280"
2025-10-21 20:10:59,"614556,109.280"
2025-10-21 20:10:59,"614657,109.285"
2025-10-21 20:10:59,"614758,109.285"
2025-10-21 20:10:59,"614859,109.291"
2025-10-21 20:10:59,"614960,109.291"
2025-10-21 20:10:59,"615061,109.293"
2025-10-21 20:10:59,"615162,109.295"
2025-10-21 20:10:59,"615263,109.300"
2025-10-21 20:11:00,"615364,109.300"
2025-10-21 20:11:00,"615465,109.293"
2025-10-21 20:11:00,"615566,109.297"
2025-10-21 20:11:00,"615667,109.304"
2025-10-21 20:11:00,"615768,109.304"
2025-10-21 20:11:00,"615869,109.304"
2025-10-21 20:11:00,"615970,109.306"
2025-10-21 20:11:00,"616071,109.315"
2025-10-21 20:11:00,"616172,109.323"
2025-10-21 20:11:00,"616273,109.321"
2025-10-21 20:11:01,"616374,109.330"
2025-10-21 20:11:01,"616475,109.330"
2025-10-21 20:11:01,"616576,109.327"
2025-10-21 20:11:01,"616677,109.332"
2025-10-21 20:11:01,"616778,109.334"
2025-10-21 20:11:01,"616879,109.336"
2025-10-21 20:11:01,"616980,109.332"
2025-10-21 20:11:01,"617081,109.332"
2025-10-21 20:11:01,"617182,109.334"
2025-10-21 20:11:01,"617283,109.338"
2025-10-21 20:11:02,"617384,109.338"
2025-10-21 20:11:02,"617485,109.342"
2025-10-21 20:11:02,"617586,109.340"
2025-10-21 20:11:02,"617687,109.340"
2025-10-21 20:11:02,"617788,109.345"
2025-10-21 20:11:02,"617889,109.340"
2025-10-21 20:11:02,"617990,109.351"
2025-10-21 20:11:02,"618091,109.353"
2025-10-21 20:11:02,"618192,109.351"
2025-10-21 20:11:02,"618293,109.351"
2025-10-21 20:11:03,"618394,109.351"
2025-10-21 20:11:03,"618495,109.373"
2025-10-21 20:11:03,"618596,109.370"
2025-10-21 20:11:03,"618697,109.377"
2025-10-21 20:11:03,"618798,109.379"
2025-10-21 20:11:03,"618899,109.381"
2025-10-21 20:11:03,"619000,109.383"
2025-10-21 20:11:03,"619101,109.392"
2025-10-21 20:11:03,"619202,109.388"
2025-10-21 20:11:03,"619303,109.388"
2025-10-21 20:11:04,"619404,109.388"
2025-10-21 20:11:04,"619505,109.388"
2025-10-21 20:11:04,"619606,109.396"
2025-10-21 20:11:04,"619707,109.400"
2025-10-21 20:11:04,"619808,109.403"
2025-10-21 20:11:04,"619909,109.400"
2025-10-21 20:11:04,"620010,109.398"
2025-10-21 20:11:04,"620111,109.396"
2025-10-21 20:11:04,"620212,109.400"
2025-10-21 20:11:04,"620313,109.398"
2025-10-21 20:11:05,"620414,109.392"
2025-10-21 20:11:05,"620515,109.396"
2025-10-21 20:11:05,"620616,109.403"
2025-10-21 20:11:05,"620717,109.383"
2025-10-21 20:11:05,"620818,109.383"
2025-10-21 20:11:05,"620919,109.388"
2025-10-21 20:11:05,"621020,109.390"
2025-10-21 20:11:05,"621121,109.392"
2025-10-21 20:11:05,"621222,109.388"
2025-10-21 20:11:05,"621323,109.385"
2025-10-21 20:11:06,"621424,109.379"
2025-10-21 20:11:06,"621525,109.381"
2025-10-21 20:11:06,"621626,109.381"
2025-10-21 20:11:06,"621727,109.381"
2025-10-21 20:11:06,"621828,109.379"
2025-10-21 20:11:06,"621929,109.385"
2025-10-21 20:11:06,"622030,109.388"
2025-10-21 20:11:06,"622131,109.396"
2025-10-21 20:11:06,"622232,109.400"
2025-10-21 20:11:06,"622333,109.390"
2025-10-21 20:11:07,"622434,109.398"
2025-10-21 20:11:07,"622535,109.400"
2025-10-21 20:11:07,"622636,109.415"
2025-10-21 20:11:07,"622737,109.418"
2025-10-21 20:11:07,"622838,109.405"
2025-10-21 20:11:07,"622939,109.403"
2025-10-21 20:11:07,"623040,109.398"
2025-10-21 20:11:07,"623141,109.398"
2025-10-21 20:11:07,"623242,109.398"
2025-10-21 20:11:08,"623343,109.394"
2025-10-21 20:11:08,"623444,109.394"
2025-10-21 20:11:08,"623545,109.400"
2025-10-21 20:11:08,"623646,109.403"
2025-10-21 20:11:08,"623747,109.407"
2025-10-21 20:11:08,"623848,109.411"
2025-10-21 20:11:08,"623949,109.409"
2025-10-21 20:11:08,"624050,109.413"
2025-10-21 20:11:08,"624151,109.420"
2025-10-21 20:11:08,"624252,109.424"
2025-10-21 20:11:09,"624353,109.413"
2025-10-21 20:11:09,"624454,109.411"
2025-10-21 20:11:09,"624555,109.422"
2025-10-21 20:11:09,"624656,109.430"
2025-10-21 20:11:09,"624757,109.428"
2025-10-21 20:11:09,"624858,109.428"
2025-10-21 20:11:09,"624959,109.426"
2025-10-21 20:11:09,"625060,109.430"
2025-10-21 20:11:09,"625161,109.435"
2025-10-21 20:11:09,"625262,109.439"
2025-10-21 20:11:10,"625363,109.439"
2025-10-21 20:11:10,"625464,109.439"
2025-10-21 20:11:10,"625565,109.441"
2025-10-21 20:11:10,"625666,109.443"
2025-10-21 20:11:10,"625767,109.437"
2025-10-21 20:11:10,"625868,109.433"
2025-10-21 20:11:10,"625969,109.433"
2025-10-21 20:11:10,"626070,109.435"
2025-10-21 20:11:10,"626171,109.433"
2025-10-21 20:11:10,"626272,109.426"
2025-10-21 20:11:11,"626373,109.424"
2025-10-21 20:11:11,"626474,109.420"
2025-10-21 20:11:11,"626575,109.420"
2025-10-21 20:11:11,"626676,109.424"
2025-10-21 20:11:11,"626777,109.420"
2025-10-21 20:11:11,"626878,109.415"
2025-10-21 20:11:11,"626979,109.415"
2025-10-21 20:11:11,"627080,109.424"
2025-10-21 20:11:11,"627181,109.428"
2025-10-21 20:11:11,"627282,109.428"
2025-10-21 20:11:12,"627383,109.424"
2025-10-21 20:11:12,"627484,109.426"
2025-10-21 20:11:12,"627585,109.422"
2025-10-21 20:11:12,"627686,109.422"
2025-10-21 20:11:12,"627787,109.430"
2025-10-21 20:11:12,"627888,109.424"
2025-10-21 20:11:12,"627989,109.422"
2025-10-21 20:11:12,"628090,109.420"
2025-10-21 20:11:12,"628191,109.418"
2025-10-21 20:11:12,"628292,109.422"
2025-10-21 20:11:13,"628393,109.426"
2025-10-21 20:11:13,"628494,109.428"
2025-10-21 20:11:13,"628595,109.413"
2025-10-21 20:11:13,"628696,109.422"
2025-10-21 20:11:13,"628797,109.418"
2025-10-21 20:11:13,"628898,109.418"
2025-10-21 20:11:13,"628999,109.411"
2025-10-21 20:11:13,"629100,109.403"
2025-10-21 20:11:13,"629201,109.396"
2025-10-21 20:11:13,"629302,109.396"
2025-10-21 20:11:14,"629403,109.400"
2025-10-21 20:11:14,"629504,109.411"
2025-10-21 20:11:14,"629605,109.411"
2025-10-21 20:11:14,"629706,109.403"
2025-10-21 20:11:14,"629807,109.398"
2025-10-21 20:11:14,"629908,109.398"
2025-10-21 20:11:14,"630009,109.398"
2025-10-21 20:11:14,"630110,109.394"
2025-10-21 20:11:14,"630211,109.394"
2025-10-21 20:11:14,"630312,109.392"
2025-10-21 20:11:15,"630413,109.383"
2025-10-21 20:11:15,"630514,109.388"
2025-10-21 20:11:15,"630615,109.381"
2025-10-21 20:11:15,"630716,109.377"
2025-10-21 20:11:15,"630817,109.379"
2025-10-21 20:11:15,"630918,109.379"
2025-10-21 20:11:15,"631019,109.381"
2025-10-21 20:11:15,"631120,109.379"
2025-10-21 20:11:15,"631221,109.385"
2025-10-21 20:11:15,"631322,109.383"
2025-10-21 20:11:16,"631423,109.390"
2025-10-21 20:11:16,"631524,109.398"
2025-10-21 20:11:16,"631625,109.398"
2025-10-21 20:11:16,"631726,109.403"
2025-10-21 20:11:16,"631827,109.405"
2025-10-21 20:11:16,"631928,109.409"
2025-10-21 20:11:16,"632029,109.407"
2025-10-21 20:11:16,"632130,109.407"
2025-10-21 20:11:16,"632231,109.398"
2025-10-21 20:11:16,"632332,109.398"
2025-10-21 20:11:17,"632433,109.398"
2025-10-21 20:11:17,"632534,109.390"
2025-10-21 20:11:17,"632635,109.392"
2025-10-21 20:11:17,"632736,109.381"
2025-10-21 20:11:17,"632837,109.383"
2025-10-21 20:11:17,"632938,109.383"
2025-10-21 20:11:17,"633039,109.388"
2025-10-21 20:11:17,"633140,109.392"
2025-10-21 20:11:17,"633241,109.396"
2025-10-21 20:11:18,"633342,109.390"
2025-10-21 20:11:18,"633443,109.390"
2025-10-21 20:11:18,"633544,109.396"
2025-10-21 20:11:18,"633645,109.388"
2025-10-21 20:11:18,"633746,109.398"
2025-10-21 20:11:18,"633847,109.398"
2025-10-21 20:11:18,"633948,109.394"
2025-10-21 20:11:18,"634049,109.398"
2025-10-21 20:11:18,"634150,109.398"
2025-10-21 20:11:18,"634251,109.396"
2025-10-21 20:11:19,"634352,109.390"
2025-10-21 20:11:19,"634453,109.394"
2025-10-21 20:11:19,"634554,109.394"
2025-10-21 20:11:19,"634655,109.394"
2025-10-21 20:11:19,"634756,109.388"
2025-10-21 20:11:19,"634857,109.388"
2025-10-21 20:11:19,"634958,109.388"
2025-10-21 20:11:19,"635059,109.385"
2025-10-21 20:11:19,"635160,109.383"
2025-10-21 20:11:19,"635261,109.381"
2025-10-21 20:11:20,"635362,109.377"
2025-10-21 20:11:20,"635463,109.373"
2025-10-21 20:11:20,"635564,109.381"
2025-10-21 20:11:20,"635665,109.379"
2025-10-21 20:11:20,"635766,109.381"
2025-10-21 20:11:20,"635867,109.383"
2025-10-21 20:11:20,"635968,109.392"
2025-10-21 20:11:20,"636069,109.390"
2025-10-21 20:11:20,"636170,109.385"
2025-10-21 20:11:20,"636271,109.379"
2025-10-21 20:11:21,"636372,109.379"
2025-10-21 20:11:21,"636473,109.381"
2025-10-21 20:11:21,"636574,109.379"
2025-10-21 20:11:21,"636675,109.379"
2025-10-21 20:11:21,"636776,109.375"
2025-10-21 20:11:21,"636877,109.377"
2025-10-21 20:11:21,"636978,109.377"
2025-10-21 20:11:21,"637079,109.377"
2025-10-21 20:11:21,"637180,109.373"
2025-10-21 20:11:21,"637281,109.379"
2025-10-21 20:11:22,"637382,109.377"
2025-10-21 20:11:22,"637483,109.377"
2025-10-21 20:11:22,"637584,109.381"
2025-10-21 20:11:22,"637685,109.381"
2025-10-21 20:11:22,"637786,109.381"
2025-10-21 20:11:22,"637887,109.375"
2025-10-21 20:11:22,"637988,109.377"
2025-10-21 20:11:22,"638089,109.385"
2025-10-21 20:11:22,"638190,109.394"
2025-10-21 20:11:22,"638291,109.396"
2025-10-21 20:11:23,"638392,109.394"
2025-10-21 20:11:23,"638493,109.388"
2025-10-21 20:11:23,"638594,109.390"
2025-10-21 20:11:23,"638695,109.385"
2025-10-21 20:11:23,"638796,109.379"
2025-10-21 20:11:23,"638897,109.379"
2025-10-21 20:11:23,"638998,109.379"
2025-10-21 20:11:23,"639099,109.381"
2025-10-21 20:11:23,"639200,109.390"
2025-10-21 20:11:23,"639301,109.385"
2025-10-21 20:11:24,"639402,109.392"
2025-10-21 20:11:24,"639503,109.388"
2025-10-21 20:11:24,"639604,109.377"
2025-10-21 20:11:24,"639705,109.377"
2025-10-21 20:11:24,"639806,109.377"
2025-10-21 20:11:24,"639907,109.377"
2025-10-21 20:11:24,"640008,109.379"
2025-10-21 20:11:24,"640109,109.379"
2025-10-21 20:11:24,"640210,109.381"
2025-10-21 20:11:24,"640311,109.385"
2025-10-21 20:11:25,"640412,109.379"
2025-10-21 20:11:25,"640513,109.379"
2025-10-21 20:11:25,"640614,109.381"
2025-10-21 20:11:25,"640715,109.381"
2025-10-21 20:11:25,"640816,109.383"
2025-10-21 20:11:25,"640917,109.381"
2025-10-21 20:11:25,"641018,109.381"
2025-10-21 20:11:25,"641119,109.377"
2025-10-21 20:11:25,"641220,109.377"
2025-10-21 20:11:25,"641321,109.370"
2025-10-21 20:11:26,"641422,109.373"
2025-10-21 20:11:26,"641523,109.377"
2025-10-21 20:11:26,"641624,109.381"
2025-10-21 20:11:26,"641725,109.381"
2025-10-21 20:11:26,"641826,109.383"
2025-10-21 20:11:26,"641927,109.381"
2025-10-21 20:11:26,"642028,109.383"
2025-10-21 20:11:26,"642129,109.385"
2025-10-21 20:11:26,"642230,109.385"
2025-10-21 20:11:26,"642331,109.388"
2025-10-21 20:11:27,"642432,109.388"
2025-10-21 20:11:27,"642533,109.390"
2025-10-21 20:11:27,"642634,109.390"
2025-10-21 20:11:27,"642735,109.381"
2025-10-21 20:11:27,"642836,109.381"
2025-10-21 20:11:27,"642937,109.383"
2025-10-21 20:11:27,"643038,109.390"
2025-10-21 20:11:27,"643139,109.385"
2025-10-21 20:11:27,"643240,109.388"
2025-10-21 20:11:28,"643341,109.390"
2025-10-21 20:11:28,"643442,109.405"
2025-10-21 20:11:28,"643543,109.400"
2025-10-21 20:11:28,"643644,109.394"
2025-10-21 20:11:28,"643745,109.400"
2025-10-21 20:11:28,"643846,109.400"
2025-10-21 20:11:28,"643947,109.405"
2025-10-21 20:11:28,"644048,109.411"
2025-10-21 20:11:28,"644149,109.409"
2025-10-21 20:11:28,"644250,109.411"
2025-10-21 20:11:29,"644351,109.409"
2025-10-21 20:11:29,"644452,109.407"
2025-10-21 20:11:29,"644553,109.407"
2025-10-21 20:11:29,"644654,109.418"
2025-10-21 20:11:29,"644755,109.411"
2025-10-21 20:11:29,"644856,109.409"
2025-10-21 20:11:29,"644957,109.413"
2025-10-21 20:11:29,"645058,109.413"
2025-10-21 20:11:29,"645159,109.413"
2025-10-21 20:11:29,"645260,109.411"
2025-10-21 20:11:30,"645361,109.418"
2025-10-21 20:11:30,"645462,109.418"
2025-10-21 20:11:30,"645563,109.415"
2025-10-21 20:11:30,"645664,109.407"
2025-10-21 20:11:30,"645765,109.409"
2025-10-21 20:11:30,"645866,109.405"
2025-10-21 20:11:30,"645967,109.409"
2025-10-21 20:11:30,"646068,109.411"
2025-10-21 20:11:30,"646169,109.415"
2025-10-21 20:11:30,"646270,109.424"
2025-10-21 20:11:31,"646371,109.428"
2025-10-21 20:11:31,"646472,109.435"
2025-10-21 20:11:31,"646573,109.435"
2025-10-21 20:11:31,"646674,109.445"
2025-10-21 20:11:31,"646775,109.445"
2025-10-21 20:11:31,"646876,109.445"
2025-10-21 20:11:31,"646977,109.445"
2025-10-21 20:11:31,"647078,109.443"
2025-10-21 20:11:31,"647179,109.435"
2025-10-21 20:11:31,"647280,109.435"
2025-10-21 20:11:32,"647381,109.428"
2025-10-21 20:11:32,"647482,109.428"
2025-10-21 20:11:32,"647583,109.428"
2025-10-21 20:11:32,"647684,109.426"
2025-10-21 20:11:32,"647785,109.426"
2025-10-21 20:11:32,"647886,109.435"
2025-10-21 20:11:32,"647987,109.433"
2025-10-21 20:11:32,"648088,109.437"
2025-10-21 20:11:32,"648189,109.437"
2025-10-21 20:11:32,"648290,109.430"
2025-10-21 20:11:33,"648391,109.448"
2025-10-21 20:11:33,"648492,109.456"
2025-10-21 20:11:33,"648593,109.458"
2025-10-21 20:11:33,"648694,109.456"
2025-10-21 20:11:33,"648795,109.458"
2025-10-21 20:11:33,"648896,109.467"
2025-10-21 20:11:33,"648997,109.467"
2025-10-21 20:11:33,"649098,109.473"
2025-10-21 20:11:33,"649199,109.478"
2025-10-21 20:11:33,"649300,109.480"
2025-10-21 20:11:34,"649401,109.480"
2025-10-21 20:11:34,"649502,109.480"
2025-10-21 20:11:34,"649603,109.480"
2025-10-21 20:11:34,"649704,109.480"
2025-10-21 20:11:34,"649805,109.488"
2025-10-21 20:11:34,"649906,109.488"
2025-10-21 20:11:34,"650007,109.488"
2025-10-21 20:11:34,"650108,109.486"
2025-10-21 20:11:34,"650209,109.484"
2025-10-21 20:11:34,"650310,109.484"
2025-10-21 20:11:35,"650411,109.480"
2025-10-21 20:11:35,"650512,109.484"
2025-10-21 20:11:35,"650613,109.497"
2025-10-21 20:11:35,"650714,109.497"
2025-10-21 20:11:35,"650815,109.503"
2025-10-21 20:11:35,"650916,109.501"
2025-10-21 20:11:35,"651017,109.508"
2025-10-21 20:11:35,"651118,109.508"
2025-10-21 20:11:35,"651219,109.508"
2025-10-21 20:11:35,"651320,109.510"
2025-10-21 20:11:36,"651421,109.512"
2025-10-21 20:11:36,"651522,109.514"
2025-10-21 20:11:36,"651623,109.505"
2025-10-21 20:11:36,"651724,109.490"
2025-10-21 20:11:36,"651825,109.490"
2025-10-21 20:11:36,"651926,109.484"
2025-10-21 20:11:36,"652027,109.484"
2025-10-21 20:11:36,"652128,109.480"
2025-10-21 20:11:36,"652229,109.475"
2025-10-21 20:11:36,"652330,109.473"
2025-10-21 20:11:37,"652431,109.478"
2025-10-21 20:11:37,"652532,109.478"
2025-10-21 20:11:37,"652633,109.471"
2025-10-21 20:11:37,"652734,109.478"
2025-10-21 20:11:37,"652835,109.480"
2025-10-21 20:11:37,"652936,109.480"
2025-10-21 20:11:37,"653037,109.482"
2025-10-21 20:11:37,"653138,109.475"
2025-10-21 20:11:37,"653239,109.475"
2025-10-21 20:11:38,"653340,109.473"
2025-10-21 20:11:38,"653441,109.469"
2025-10-21 20:11:38,"653542,109.460"
2025-10-21 20:11:38,"653643,109.465"
2025-10-21 20:11:38,"653744,109.465"
2025-10-21 20:11:38,"653845,109.458"
2025-10-21 20:11:38,"653946,109.448"
2025-10-21 20:11:38,"654047,109.439"
2025-10-21 20:11:38,"654148,109.430"
2025-10-21 20:11:38,"654249,109.428"
2025-10-21 20:11:39,"654350,109.424"
2025-10-21 20:11:39,"654451,109.424"
2025-10-21 20:11:39,"654552,109.426"
2025-10-21 20:11:39,"654653,109.426"
2025-10-21 20:11:39,"654754,109.422"
2025-10-21 20:11:39,"654855,109.424"
2025-10-21 20:11:39,"654956,109.420"
2025-10-21 20:11:39,"655057,109.420"
2025-10-21 20:11:39,"655158,109.415"
2025-10-21 20:11:39,"655259,109.413"
2025-10-21 20:11:40,"655360,109.413"
2025-10-21 20:11:40,"655461,109.405"
2025-10-21 20:11:40,"655562,109.407"
2025-10-21 20:11:40,"655663,109.409"
2025-10-21 20:11:40,"655764,109.411"
2025-10-21 20:11:40,"655865,109.409"
2025-10-21 20:11:40,"655966,109.409"
2025-10-21 20:11:40,"656067,109.405"
2025-10-21 20:11:40,"656168,109.398"
2025-10-21 20:11:40,"656269,109.394"
2025-10-21 20:11:41,"656370,109.387"
2025-10-21 20:11:41,"656471,109.383"
2025-10-21 20:11:41,"656572,109.375"
2025-10-21 20:11:41,"656673,109.377"
2025-10-21 20:11:41,"656774,109.366"
2025-10-21 20:11:41,"656875,109.366"
2025-10-21 20:11:41,"656976,109.366"
2025-10-21 20:11:41,"657077,109.364"
2025-10-21 20:11:41,"657178,109.364"
2025-10-21 20:11:41,"657279,109.364"
2025-10-21 20:11:42,"657380,109.377"
2025-10-21 20:11:42,"657481,109.372"
2025-10-21 20:11:42,"657582,109.379"
2025-10-21 20:11:42,"657683,109.383"
2025-10-21 20:11:42,"657784,109.381"
2025-10-21 20:11:42,"657885,109.390"
2025-10-21 20:11:42,"657986,109.381"
2025-10-21 20:11:42,"658087,109.385"
2025-10-21 20:11:42,"658188,109.385"
2025-10-21 20:11:42,"658289,109.398"
2025-10-21 20:11:43,"658390,109.398"
2025-10-21 20:11:43,"658491,109.385"
2025-10-21 20:11:43,"658592,109.385"
2025-10-21 20:11:43,"658693,109.387"
2025-10-21 20:11:43,"658794,109.394"
2025-10-21 20:11:43,"658895,109.405"
2025-10-21 20:11:43,"658996,109.400"
2025-10-21 20:11:43,"659097,109.398"
2025-10-21 20:11:43,"659198,109.396"
2025-10-21 20:11:43,"659299,109.394"
2025-10-21 20:11:44,"659400,109.390"
2025-10-21 20:11:44,"659501,109.396"
2025-10-21 20:11:44,"659602,109.390"
2025-10-21 20:11:44,"659703,109.392"
2025-10-21 20:11:44,"659804,109.394"
2025-10-21 20:11:44,"659905,109.390"
2025-10-21 20:11:44,"660006,109.392"
2025-10-21 20:11:44,"660107,109.392"
2025-10-21 20:11:44,"660208,109.398"
2025-10-21 20:11:44,"660309,109.400"
2025-10-21 20:11:45,"660410,109.405"
2025-10-21 20:11:45,"660511,109.413"
2025-10-21 20:11:45,"660612,109.413"
2025-10-21 20:11:45,"660713,109.409"
2025-10-21 20:11:45,"660814,109.407"
2025-10-21 20:11:45,"660915,109.400"
2025-10-21 20:11:45,"661016,109.407"
2025-10-21 20:11:45,"661117,109.405"
2025-10-21 20:11:45,"661218,109.407"
2025-10-21 20:11:45,"661319,109.413"
2025-10-21 20:11:46,"661420,109.424"
2025-10-21 20:11:46,"661521,109.426"
2025-10-21 20:11:46,"661622,109.430"
2025-10-21 20:11:46,"661723,109.433"
2025-10-21 20:11:46,"661824,109.437"
2025-10-21 20:11:46,"661925,109.437"
2025-10-21 20:11:46,"662026,109.450"
2025-10-21 20:11:46,"662127,109.456"
2025-10-21 20:11:46,"662228,109.463"
2025-10-21 20:11:46,"662329,109.471"
2025-10-21 20:11:47,"662430,109.478"
2025-10-21 20:11:47,"662531,109.475"
2025-10-21 20:11:47,"662632,109.480"
2025-10-21 20:11:47,"662733,109.484"
2025-10-21 20:11:47,"662834,109.480"
2025-10-21 20:11:47,"662935,109.488"
2025-10-21 20:11:47,"663036,109.488"
2025-10-21 20:11:47,"663137,109.488"
2025-10-21 20:11:47,"663238,109.497"
2025-10-21 20:11:48,"663339,109.516"
2025-10-21 20:11:48,"663440,109.518"
2025-10-21 20:11:48,"663541,109.518"
2025-10-21 20:11:48,"663642,109.523"
2025-10-21 20:11:48,"663743,109.523"
2025-10-21 20:11:48,"663844,109.523"
2025-10-21 20:11:48,"663945,109.531"
2025-10-21 20:11:48,"664046,109.546"
2025-10-21 20:11:48,"664147,109.557"
2025-10-21 20:11:48,"664248,109.563"
2025-10-21 20:11:49,"664349,109.572"
2025-10-21 20:11:49,"664450,109.572"
2025-10-21 20:11:49,"664551,109.572"
2025-10-21 20:11:49,"664652,109.572"
2025-10-21 20:11:49,"664753,109.585"
2025-10-21 20:11:49,"664854,109.583"
2025-10-21 20:11:49,"664955,109.589"
2025-10-21 20:11:49,"665056,109.591"
2025-10-21 20:11:49,"665157,109.593"
2025-10-21 20:11:49,"665258,109.598"
2025-10-21 20:11:50,"665359,109.608"
2025-10-21 20:11:50,"665460,109.602"
2025-10-21 20:11:50,"665561,109.602"
2025-10-21 20:11:50,"665662,109.608"
2025-10-21 20:11:50,"665763,109.613"
2025-10-21 20:11:50,"665864,109.617"
2025-10-21 20:11:50,"665965,109.621"
2025-10-21 20:11:50,"666066,109.621"
2025-10-21 20:11:50,"666167,109.626"
2025-10-21 20:11:50,"666268,109.626"
2025-10-21 20:11:51,"666369,109.636"
2025-10-21 20:11:51,"666470,109.643"
2025-10-21 20:11:51,"666571,109.660"
2025-10-21 20:11:51,"666672,109.666"
2025-10-21 20:11:51,"666773,109.664"
2025-10-21 20:11:51,"666874,109.671"
2025-10-21 20:11:51,"666975,109.671"
2025-10-21 20:11:51,"667076,109.673"
2025-10-21 20:11:51,"667177,109.681"
2025-10-21 20:11:51,"667278,109.686"
2025-10-21 20:11:52,"667379,109.694"
2025-10-21 20:11:52,"667480,109.690"
2025-10-21 20:11:52,"667581,109.699"
2025-10-21 20:11:52,"667682,109.701"
2025-10-21 20:11:52,"667783,109.703"
2025-10-21 20:11:52,"667884,109.707"
2025-10-21 20:11:52,"667985,109.709"
2025-10-21 20:11:52,"668086,109.711"
2025-10-21 20:11:52,"668187,109.716"
2025-10-21 20:11:52,"668288,109.714"
2025-10-21 20:11:53,"668389,109.696"
2025-10-21 20:11:53,"668490,109.705"
2025-10-21 20:11:53,"668591,109.701"
2025-10-21 20:11:53,"668692,109.699"
2025-10-21 20:11:53,"668793,109.701"
2025-10-21 20:11:53,"668894,109.701"
2025-10-21 20:11:53,"668995,109.696"
2025-10-21 20:11:53,"669096,109.709"
2025-10-21 20:11:53,"669197,109.714"
2025-10-21 20:11:53,"669298,109.716"
2025-10-21 20:11:54,"669399,109.718"
2025-10-21 20:11:54,"669500,109.724"
2025-10-21 20:11:54,"669601,109.724"
2025-10-21 20:11:54,"669702,109.733"
2025-10-21 20:11:54,"669803,109.731"
2025-10-21 20:11:54,"669904,109.729"
2025-10-21 20:11:54,"670005,109.724"
2025-10-21 20:11:54,"670106,109.735"
2025-10-21 20:11:54,"670207,109.741"
2025-10-21 20:11:54,"670308,109.735"
2025-10-21 20:11:55,"670409,109.741"
2025-10-21 20:11:55,"670510,109.744"
2025-10-21 20:11:55,"670611,109.741"
2025-10-21 20:11:55,"670712,109.739"
2025-10-21 20:11:55,"670813,109.746"
2025-10-21 20:11:55,"670914,109.744"
2025-10-21 20:11:55,"671015,109.752"
2025-10-21 20:11:55,"671116,109.752"
2025-10-21 20:11:55,"671217,109.752"
2025-10-21 20:11:55,"671318,109.752"
2025-10-21 20:11:56,"671419,109.744"
2025-10-21 20:11:56,"671520,109.739"
2025-10-21 20:11:56,"671621,109.741"
2025-10-21 20:11:56,"671722,109.741"
2025-10-21 20:11:56,"671823,109.746"
2025-10-21 20:11:56,"671924,109.756"
2025-10-21 20:11:56,"672025,109.759"
2025-10-21 20:11:56,"672126,109.754"
2025-10-21 20:11:56,"672227,109.756"
2025-10-21 20:11:56,"672328,109.754"
2025-10-21 20:11:57,"672429,109.759"
2025-10-21 20:11:57,"672530,109.759"
2025-10-21 20:11:57,"672631,109.761"
2025-10-21 20:11:57,"672732,109.761"
2025-10-21 20:11:57,"672833,109.765"
2025-10-21 20:11:57,"672934,109.782"
2025-10-21 20:11:57,"673035,109.780"
2025-10-21 20:11:57,"673136,109.782"
2025-10-21 20:11:57,"673237,109.782"
2025-10-21 20:11:58,"673338,109.782"
2025-10-21 20:11:58,"673439,109.771"
2025-10-21 20:11:58,"673540,109.782"
2025-10-21 20:11:58,"673641,109.786"
2025-10-21 20:11:58,"673742,109.793"
2025-10-21 20:11:58,"673843,109.806"
2025-10-21 20:11:58,"673944,109.806"
2025-10-21 20:11:58,"674045,109.802"
2025-10-21 20:11:58,"674146,109.804"
2025-10-21 20:11:58,"674247,109.804"
2025-10-21 20:11:59,"674348,109.797"
2025-10-21 20:11:59,"674449,109.795"
2025-10-21 20:11:59,"674550,109.802"
2025-10-21 20:11:59,"674651,109.810"
2025-10-21 20:11:59,"674752,109.817"
2025-10-21 20:11:59,"674853,109.810"
2025-10-21 20:11:59,"674954,109.808"
2025-10-21 20:11:59,"675055,109.802"
2025-10-21 20:11:59,"675156,109.832"
2025-10-21 20:11:59,"675257,109.832"
2025-10-21 20:12:00,"675358,109.847"
2025-10-21 20:12:00,"675459,109.842"
2025-10-21 20:12:00,"675560,109.849"
2025-10-21 20:12:00,"675661,109.857"
2025-10-21 20:12:00,"675762,109.851"
2025-10-21 20:12:00,"675863,109.851"
2025-10-21 20:12:00,"675964,109.855"
2025-10-21 20:12:00,"676065,109.851"
2025-10-21 20:12:00,"676166,109.853"
2025-10-21 20:12:00,"676267,109.853"
2025-10-21 20:12:01,"676368,109.857"
2025-10-21 20:12:01,"676469,109.857"
2025-10-21 20:12:01,"676570,109.851"
2025-10-21 20:12:01,"676671,109.840"
2025-10-21 20:12:01,"676772,109.838"
2025-10-21 20:12:01,"676873,109.849"
2025-10-21 20:12:01,"676974,109.849"
2025-10-21 20:12:01,"677075,109.855"
2025-10-21 20:12:01,"677176,109.870"
2025-10-21 20:12:01,"677277,109.868"
2025-10-21 20:12:02,"677378,109.862"
2025-10-21 20:12:02,"677479,109.864"
2025-10-21 20:12:02,"677580,109.859"
2025-10-21 20:12:02,"677681,109.851"
2025-10-21 20:12:02,"677782,109.851"
2025-10-21 20:12:02,"677883,109.872"
2025-10-21 20:12:02,"677984,109.868"
2025-10-21 20:12:02,"678085,109.866"
2025-10-21 20:12:02,"678186,109.872"
2025-10-21 20:12:02,"678287,109.874"
2025-10-21 20:12:03,"678388,109.872"
2025-10-21 20:12:03,"678489,109.879"
2025-10-21 20:12:03,"678590,109.877"
2025-10-21 20:12:03,"678691,109.885"
2025-10-21 20:12:03,"678792,109.892"
2025-10-21 20:12:03,"678893,109.887"
2025-10-21 20:12:03,"678994,109.892"
2025-10-21 20:12:03,"679095,109.889"
2025-10-21 20:12:03,"679196,109.874"
2025-10-21 20:12:03,"679297,109.877"
2025-10-21 20:12:04,"679398,109.881"
2025-10-21 20:12:04,"679499,109.879"
2025-10-21 20:12:04,"679600,109.881"
2025-10-21 20:12:04,"679701,109.883"
2025-10-21 20:12:04,"679802,109.892"
2025-10-21 20:12:04,"679903,109.894"
2025-10-21 20:12:04,"680004,109.907"
2025-10-21 20:12:04,"680105,109.913"
2025-10-21 20:12:04,"680206,109.913"
2025-10-21 20:12:04,"680307,109.917"
2025-10-21 20:12:05,"680408,109.928"
2025-10-21 20:12:05,"680509,109.939"
2025-10-21 20:12:05,"680610,109.941"
2025-10-21 20:12:05,"680711,109.943"
2025-10-21 20:12:05,"680812,109.960"
2025-10-21 20:12:05,"680913,109.952"
2025-10-21 20:12:05,"681014,109.947"
2025-10-21 20:12:05,"681115,109.945"
2025-10-21 20:12:05,"681216,109.947"
2025-10-21 20:12:05,"681317,109.954"
2025-10-21 20:12:06,"681418,109.956"
2025-10-21 20:12:06,"681519,109.965"
2025-10-21 20:12:06,"681620,109.960"
2025-10-21 20:12:06,"681721,109.962"
2025-10-21 20:12:06,"681822,109.984"
2025-10-21 20:12:06,"681923,109.986"
2025-10-21 20:12:06,"682024,109.984"
2025-10-21 20:12:06,"682125,109.986"
2025-10-21 20:12:06,"682226,109.975"
2025-10-21 20:12:06,"682327,109.980"
2025-10-21 20:12:07,"682428,109.971"
2025-10-21 20:12:07,"682529,109.958"
2025-10-21 20:12:07,"682630,109.971"
2025-10-21 20:12:07,"682731,109.973"
2025-10-21 20:12:07,"682832,109.973"
2025-10-21 20:12:07,"682933,109.969"
2025-10-21 20:12:07,"683034,109.952"
2025-10-21 20:12:07,"683135,109.950"
2025-10-21 20:12:07,"683236,109.954"
2025-10-21 20:12:08,"683337,109.954"
2025-10-21 20:12:08,"683438,109.952"
2025-10-21 20:12:08,"683539,109.943"
2025-10-21 20:12:08,"683640,109.950"
2025-10-21 20:12:08,"683741,109.950"
2025-10-21 20:12:08,"683842,109.950"
2025-10-21 20:12:08,"683943,109.943"
2025-10-21 20:12:08,"684044,109.952"
2025-10-21 20:12:08,"684145,109.954"
2025-10-21 20:12:08,"684246,109.945"
2025-10-21 20:12:09,"684347,109.939"
2025-10-21 20:12:09,"684448,109.945"
2025-10-21 20:12:09,"684549,109.949"
2025-10-21 20:12:09,"684650,109.956"
2025-10-21 20:12:09,"684751,109.956"
2025-10-21 20:12:09,"684852,109.960"
2025-10-21 20:12:09,"684953,109.962"
2025-10-21 20:12:09,"685054,109.973"
2025-10-21 20:12:09,"685155,109.980"
2025-10-21 20:12:09,"685256,109.960"
2025-10-21 20:12:10,"685357,109.965"
2025-10-21 20:12:10,"685458,109.954"
2025-10-21 20:12:10,"685559,109.952"
2025-10-21 20:12:10,"685660,109.954"
2025-10-21 20:12:10,"685761,109.947"
2025-10-21 20:12:10,"685862,109.949"
2025-10-21 20:12:10,"685963,109.949"
2025-10-21 20:12:10,"686064,109.947"
2025-10-21 20:12:10,"686165,109.949"
2025-10-21 20:12:10,"686266,109.949"
2025-10-21 20:12:11,"686367,109.952"
2025-10-21 20:12:11,"686468,109.952"
2025-10-21 20:12:11,"686569,109.954"
2025-10-21 20:12:11,"686670,109.958"
2025-10-21 20:12:11,"686771,109.964"
2025-10-21 20:12:11,"686872,109.969"
2025-10-21 20:12:11,"686973,109.960"
2025-10-21 20:12:11,"687074,109.958"
2025-10-21 20:12:11,"687175,109.954"
2025-10-21 20:12:11,"687276,109.949"
2025-10-21 20:12:12,"687377,109.954"
2025-10-21 20:12:12,"687478,109.960"
2025-10-21 20:12:12,"687579,109.958"
2025-10-21 20:12:12,"687680,109.956"
2025-10-21 20:12:12,"687781,109.960"
2025-10-21 20:12:12,"687882,109.952"
2025-10-21 20:12:12,"687983,109.924"
2025-10-21 20:12:12,"688084,109.930"
2025-10-21 20:12:12,"688185,109.922"
2025-10-21 20:12:12,"688286,109.913"
2025-10-21 20:12:13,"688387,109.913"
2025-10-21 20:12:13,"688488,109.915"
2025-10-21 20:12:13,"688589,109.915"
2025-10-21 20:12:13,"688690,109.911"
2025-10-21 20:12:13,"688791,109.911"
2025-10-21 20:12:13,"688892,109.907"
2025-10-21 20:12:13,"688993,109.926"
2025-10-21 20:12:13,"689094,109.919"
2025-10-21 20:12:13,"689195,109.924"
2025-10-21 20:12:13,"689296,109.924"
2025-10-21 20:12:14,"689397,109.917"
2025-10-21 20:12:14,"689498,109.915"
2025-10-21 20:12:14,"689599,109.922"
2025-10-21 20:12:14,"689700,109.926"
2025-10-21 20:12:14,"689801,109.922"
2025-10-21 20:12:14,"689902,109.904"
2025-10-21 20:12:14,"690003,109.909"
2025-10-21 20:12:14,"690104,109.907"
2025-10-21 20:12:14,"690205,109.902"
2025-10-21 20:12:14,"690306,109.894"
2025-10-21 20:12:15,"690407,109.883"
2025-10-21 20:12:15,"690508,109.877"
2025-10-21 20:12:15,"690609,109.859"
2025-10-21 20:12:15,"690710,109.864"
2025-10-21 20:12:15,"690811,109.883"
2025-10-21 20:12:15,"690912,109.872"
2025-10-21 20:12:15,"691013,109.874"
2025-10-21 20:12:15,"691114,109.877"
2025-10-21 20:12:15,"691215,109.879"
2025-10-21 20:12:15,"691316,109.883"
2025-10-21 20:12:16,"691417,109.877"
2025-10-21 20:12:16,"691518,109.881"
2025-10-21 20:12:16,"691619,109.881"
2025-10-21 20:12:16,"691720,109.887"
2025-10-21 20:12:16,"691821,109.879"
2025-10-21 20:12:16,"691922,109.864"
2025-10-21 20:12:16,"692023,109.862"
2025-10-21 20:12:16,"692124,109.857"
2025-10-21 20:12:16,"692225,109.859"
2025-10-21 20:12:16,"692326,109.866"
2025-10-21 20:12:17,"692427,109.866"
2025-10-21 20:12:17,"692528,109.883"
2025-10-21 20:12:17,"692629,109.892"
2025-10-21 20:12:17,"692730,109.881"
2025-10-21 20:12:17,"692831,109.877"
2025-10-21 20:12:17,"692932,109.881"
2025-10-21 20:12:17,"693033,109.879"
2025-10-21 20:12:17,"693134,109.877"
2025-10-21 20:12:17,"693235,109.894"
2025-10-21 20:12:17,"693336,109.894"
2025-10-21 20:12:18,"693437,109.894"
2025-10-21 20:12:18,"693538,109.898"
2025-10-21 20:12:18,"693639,109.904"
2025-10-21 20:12:18,"693740,109.887"
2025-10-21 20:12:18,"693841,109.879"
2025-10-21 20:12:18,"693942,109.874"
2025-10-21 20:12:18,"694043,109.874"
2025-10-21 20:12:18,"694144,109.877"
2025-10-21 20:12:18,"694245,109.877"
2025-10-21 20:12:19,"694346,109.868"
2025-10-21 20:12:19,"694447,109.872"
2025-10-21 20:12:19,"694548,109.879"
2025-10-21 20:12:19,"694649,109.877"
2025-10-21 20:12:19,"694750,109.872"
2025-10-21 20:12:19,"694851,109.870"
2025-10-21 20:12:19,"694952,109.872"
2025-10-21 20:12:19,"695053,109.872"
2025-10-21 20:12:19,"695154,109.862"
2025-10-21 20:12:19,"695255,109.857"
2025-10-21 20:12:20,"695356,109.851"
2025-10-21 20:12:20,"695457,109.847"
2025-10-21 20:12:20,"695558,109.847"
2025-10-21 20:12:20,"695659,109.849"
2025-10-21 20:12:20,"695760,109.849"
2025-10-21 20:12:20,"695861,109.857"
2025-10-21 20:12:20,"695962,109.857"
2025-10-21 20:12:20,"696063,109.862"
2025-10-21 20:12:20,"696164,109.862"
2025-10-21 20:12:20,"696265,109.864"
2025-10-21 20:12:21,"696366,109.864"
2025-10-21 20:12:21,"696467,109.866"
2025-10-21 20:12:21,"696568,109.870"
2025-10-21 20:12:21,"696669,109.866"
2025-10-21 20:12:21,"696770,109.866"
2025-10-21 20:12:21,"696871,109.862"
2025-10-21 20:12:21,"696972,109.857"
2025-10-21 20:12:21,"697073,109.857"
2025-10-21 20:12:21,"697174,109.857"
2025-10-21 20:12:21,"697275,109.855"
2025-10-21 20:12:22,"697376,109.844"
2025-10-21 20:12:22,"697477,109.847"
2025-10-21 20:12:22,"697578,109.849"
2025-10-21 20:12:22,"697679,109.838"
2025-10-21 20:12:22,"697780,109.859"
2025-10-21 20:12:22,"697881,109.866"
2025-10-21 20:12:22,"697982,109.868"
2025-10-21 20:12:22,"698083,109.874"
2025-10-21 20:12:22,"698184,109.866"
2025-10-21 20:12:22,"698285,109.874"
2025-10-21 20:12:23,"698386,109.885"
2025-10-21 20:12:23,"698487,109.879"
2025-10-21 20:12:23,"698588,109.885"
2025-10-21 20:12:23,"698689,109.889"
2025-10-21 20:12:23,"698790,109.892"
2025-10-21 20:12:23,"698891,109.889"
2025-10-21 20:12:23,"698992,109.896"
2025-10-21 20:12:23,"699093,109.881"
2025-10-21 20:12:23,"699194,109.883"
2025-10-21 20:12:23,"699295,109.881"
2025-10-21 20:12:24,"699396,109.877"
2025-10-21 20:12:24,"699497,109.896"
2025-10-21 20:12:24,"699598,109.896"
2025-10-21 20:12:24,"699699,109.898"
2025-10-21 20:12:24,"699800,109.885"
2025-10-21 20:12:24,"699901,109.881"
2025-10-21 20:12:24,"700002,109.889"
2025-10-21 20:12:24,"700103,109.896"
2025-10-21 20:12:24,"700204,109.894"
2025-10-21 20:12:24,"700305,109.904"
2025-10-21 20:12:25,"700406,109.911"
2025-10-21 20:12:25,"700507,109.915"
2025-10-21 20:12:25,"700608,109.922"
2025-10-21 20:12:25,"700709,109.930"
2025-10-21 20:12:25,"700810,109.926"
2025-10-21 20:12:25,"700911,109.904"
2025-10-21 20:12:25,"701012,109.896"
2025-10-21 20:12:25,"701113,109.894"
2025-10-21 20:12:25,"701214,109.898"
2025-10-21 20:12:25,"701315,109.896"
2025-10-21 20:12:26,"701416,109.892"
2025-10-21 20:12:26,"701517,109.887"
2025-10-21 20:12:26,"701618,109.885"
2025-10-21 20:12:26,"701719,109.879"
2025-10-21 20:12:26,"701820,109.874"
2025-10-21 20:12:26,"701921,109.883"
2025-10-21 20:12:26,"702022,109.879"
2025-10-21 20:12:26,"702123,109.894"
2025-10-21 20:12:26,"702224,109.894"
2025-10-21 20:12:26,"702325,109.892"
2025-10-21 20:12:27,"702426,109.887"
2025-10-21 20:12:27,"702527,109.883"
2025-10-21 20:12:27,"702628,109.874"
2025-10-21 20:12:27,"702729,109.874"
2025-10-21 20:12:27,"702830,109.868"
2025-10-21 20:12:27,"702931,109.872"
2025-10-21 20:12:27,"703032,109.866"
2025-10-21 20:12:27,"703133,109.870"
2025-10-21 20:12:27,"703234,109.879"
2025-10-21 20:12:27,"703335,109.866"
2025-10-21 20:12:28,"703436,109.862"
2025-10-21 20:12:28,"703537,109.866"
2025-10-21 20:12:28,"703638,109.874"
2025-10-21 20:12:28,"703739,109.879"
2025-10-21 20:12:28,"703840,109.881"
2025-10-21 20:12:28,"703941,109.892"
2025-10-21 20:12:28,"704042,109.894"
2025-10-21 20:12:28,"704143,109.896"
2025-10-21 20:12:28,"704244,109.885"
2025-10-21 20:12:29,"704345,109.881"
2025-10-21 20:12:29,"704446,109.885"
2025-10-21 20:12:29,"704547,109.881"
2025-10-21 20:12:29,"704648,109.879"
2025-10-21 20:12:29,"704749,109.879"
2025-10-21 20:12:29,"704850,109.877"
2025-10-21 20:12:29,"704951,109.870"
2025-10-21 20:12:29,"705052,109.866"
2025-10-21 20:12:29,"705153,109.877"
2025-10-21 20:12:29,"705254,109.885"
2025-10-21 20:12:30,"705355,109.889"
2025-10-21 20:12:30,"705456,109.898"
2025-10-21 20:12:30,"705557,109.889"
2025-10-21 20:12:30,"705658,109.907"
2025-10-21 20:12:30,"705759,109.907"
2025-10-21 20:12:30,"705860,109.913"
2025-10-21 20:12:30,"705961,109.911"
2025-10-21 20:12:30,"706062,109.904"
2025-10-21 20:12:30,"706163,109.913"
2025-10-21 20:12:30,"706264,109.915"
2025-10-21 20:12:31,"706365,109.913"
2025-10-21 20:12:31,"706466,109.928"
2025-10-21 20:12:31,"706567,109.930"
2025-10-21 20:12:31,"706668,109.930"
2025-10-21 20:12:31,"706769,109.932"
2025-10-21 20:12:31,"706870,109.928"
2025-10-21 20:12:31,"706971,109.937"
2025-10-21 20:12:31,"707072,109.937"
2025-10-21 20:12:31,"707173,109.952"
2025-10-21 20:12:31,"707274,109.954"
2025-10-21 20:12:32,"707375,109.954"
2025-10-21 20:12:32,"707476,109.962"
2025-10-21 20:12:32,"707577,109.960"
2025-10-21 20:12:32,"707678,109.960"
2025-10-21 20:12:32,"707779,109.973"
2025-10-21 20:12:32,"707880,109.962"
2025-10-21 20:12:32,"707981,109.965"
2025-10-21 20:12:32,"708082,109.962"
2025-10-21 20:12:32,"708183,109.958"
2025-10-21 20:12:32,"708284,109.965"
2025-10-21 20:12:33,"708385,109.958"
2025-10-21 20:12:33,"708486,109.956"
2025-10-21 20:12:33,"708587,109.958"
2025-10-21 20:12:33,"708688,109.954"
